[
    {
        "KfirstName": "Dagmar",
        "guName": "Dagmar",
        "KlastName": "Bergnaum",
        "userPrincipalName": "M688006210",
        "Kjob": "Forward Functionality Analyst",
        "hierarchy": "cum/et/natus/Forward Functionality Analyst - Dagmar Bergnaum",
        "sAMAccountName": "Natalie.Runolfsdottir67",
        "mail": "Natalie.Runolfsdottir67@rabiran.com"
    },
    {
        "KfirstName": "Jessyca",
        "guName": "Jessyca",
        "KlastName": "Harris",
        "userPrincipalName": "M654823479",
        "Kjob": "Principal Functionality Architect",
        "hierarchy": "quod/nesciunt/qui/Principal Functionality Architect - Jessyca Harris",
        "sAMAccountName": "Dock_Kuvalis92",
        "mail": "Dock_Kuvalis92@rabiran.com"
    },
    {
        "KfirstName": "Keagan",
        "guName": "Keagan",
        "KlastName": "Zemlak",
        "userPrincipalName": "M175561681",
        "Kjob": "Product Directives Representative",
        "hierarchy": "porro/consectetur/aut/Product Directives Representative - Keagan Zemlak",
        "sAMAccountName": "Gudrun_Auer",
        "mail": "Gudrun_Auer@rabiran.com"
    },
    {
        "KfirstName": "Richie",
        "guName": "Richie",
        "KlastName": "Mosciski",
        "userPrincipalName": "M575129316",
        "Kjob": "Product Markets Executive",
        "hierarchy": "aut/quia/nihil/Product Markets Executive - Richie Mosciski",
        "sAMAccountName": "Fiona.Will96",
        "mail": "Fiona.Will96@rabiran.com"
    },
    {
        "KfirstName": "Bobbie",
        "guName": "Bobbie",
        "KlastName": "Paucek",
        "userPrincipalName": "M613166843",
        "Kjob": "Customer Paradigm Producer",
        "hierarchy": "earum/fuga/aut/Customer Paradigm Producer - Bobbie Paucek",
        "sAMAccountName": "Demarco_Krajcik50",
        "mail": "Demarco_Krajcik50@rabiran.com"
    },
    {
        "KfirstName": "Andres",
        "guName": "Andres",
        "KlastName": "Weber",
        "userPrincipalName": "M254913495",
        "Kjob": "National Operations Analyst",
        "hierarchy": "in/iste/quidem/National Operations Analyst - Andres Weber",
        "sAMAccountName": "Mathilde_Bradtke95",
        "mail": "Mathilde_Bradtke95@rabiran.com"
    },
    {
        "KfirstName": "Dewayne",
        "guName": "Dewayne",
        "KlastName": "Conroy",
        "userPrincipalName": "M490929205",
        "Kjob": "Chief Tactics Specialist",
        "hierarchy": "atque/laboriosam/sit/Chief Tactics Specialist - Dewayne Conroy",
        "sAMAccountName": "Anika_Kuhic80",
        "mail": "Anika_Kuhic80@rabiran.com"
    },
    {
        "KfirstName": "Delilah",
        "guName": "Delilah",
        "KlastName": "Toy",
        "userPrincipalName": "M419994631",
        "Kjob": "Dynamic Infrastructure Planner",
        "hierarchy": "nulla/qui/et/Dynamic Infrastructure Planner - Delilah Toy",
        "sAMAccountName": "Sigrid.Zemlak",
        "mail": "Sigrid.Zemlak@rabiran.com"
    },
    {
        "KfirstName": "Neoma",
        "guName": "Neoma",
        "KlastName": "Rutherford",
        "userPrincipalName": "M567642673",
        "Kjob": "Internal Research Analyst",
        "hierarchy": "tempore/qui/nobis/Internal Research Analyst - Neoma Rutherford",
        "sAMAccountName": "Anibal.Bahringer",
        "mail": "Anibal.Bahringer@rabiran.com"
    },
    {
        "KfirstName": "Kelvin",
        "guName": "Kelvin",
        "KlastName": "Walsh",
        "userPrincipalName": "M272561333",
        "Kjob": "Dynamic Response Agent",
        "hierarchy": "voluptas/et/odit/Dynamic Response Agent - Kelvin Walsh",
        "sAMAccountName": "Waylon_Wyman",
        "mail": "Waylon_Wyman@rabiran.com"
    },
    {
        "KfirstName": "Jaron",
        "guName": "Jaron",
        "KlastName": "Hackett",
        "userPrincipalName": "M155056913",
        "Kjob": "Chief Branding Assistant",
        "hierarchy": "quo/eum/dolor/Chief Branding Assistant - Jaron Hackett",
        "sAMAccountName": "Rylee.Stiedemann49",
        "mail": "Rylee.Stiedemann49@rabiran.com"
    },
    {
        "KfirstName": "Vito",
        "guName": "Vito",
        "KlastName": "Kuhn",
        "userPrincipalName": "M265851387",
        "Kjob": "Investor Functionality Architect",
        "hierarchy": "est/mollitia/dicta/Investor Functionality Architect - Vito Kuhn",
        "sAMAccountName": "Kailee99",
        "mail": "Kailee99@rabiran.com"
    },
    {
        "KfirstName": "Gabriella",
        "guName": "Gabriella",
        "KlastName": "Bashirian",
        "userPrincipalName": "M862142013",
        "Kjob": "Customer Division Architect",
        "hierarchy": "aspernatur/magnam/harum/Customer Division Architect - Gabriella Bashirian",
        "sAMAccountName": "Adelbert.Kerluke",
        "mail": "Adelbert.Kerluke@rabiran.com"
    },
    {
        "KfirstName": "Emmalee",
        "guName": "Emmalee",
        "KlastName": "Botsford",
        "userPrincipalName": "M5877426",
        "Kjob": "Dynamic Branding Facilitator",
        "hierarchy": "temporibus/consectetur/deserunt/Dynamic Branding Facilitator - Emmalee Botsford",
        "sAMAccountName": "Kayleigh89",
        "mail": "Kayleigh89@rabiran.com"
    },
    {
        "KfirstName": "Kirstin",
        "guName": "Kirstin",
        "KlastName": "Donnelly",
        "userPrincipalName": "M332557893",
        "Kjob": "Investor Directives Associate",
        "hierarchy": "a/repellat/quam/Investor Directives Associate - Kirstin Donnelly",
        "sAMAccountName": "Peter_Ryan58",
        "mail": "Peter_Ryan58@rabiran.com"
    },
    {
        "KfirstName": "Elenora",
        "guName": "Elenora",
        "KlastName": "Gutkowski",
        "userPrincipalName": "M907460945",
        "Kjob": "Future Mobility Agent",
        "hierarchy": "minus/quas/perspiciatis/Future Mobility Agent - Elenora Gutkowski",
        "sAMAccountName": "Elyse.Torp",
        "mail": "Elyse.Torp@rabiran.com"
    },
    {
        "KfirstName": "Amos",
        "guName": "Amos",
        "KlastName": "O'Connell",
        "userPrincipalName": "M14253818",
        "Kjob": "Corporate Configuration Facilitator",
        "hierarchy": "culpa/dignissimos/atque/Corporate Configuration Facilitator - Amos O'Connell",
        "sAMAccountName": "Isaias.Feest",
        "mail": "Isaias.Feest@rabiran.com"
    },
    {
        "KfirstName": "Sally",
        "guName": "Sally",
        "KlastName": "Koss",
        "userPrincipalName": "M167599268",
        "Kjob": "International Operations Administrator",
        "hierarchy": "dolor/qui/possimus/International Operations Administrator - Sally Koss",
        "sAMAccountName": "Chris79",
        "mail": "Chris79@rabiran.com"
    },
    {
        "KfirstName": "Hudson",
        "guName": "Hudson",
        "KlastName": "Mann",
        "userPrincipalName": "M379886024",
        "Kjob": "Product Security Orchestrator",
        "hierarchy": "enim/necessitatibus/maiores/Product Security Orchestrator - Hudson Mann",
        "sAMAccountName": "Rex46",
        "mail": "Rex46@rabiran.com"
    },
    {
        "KfirstName": "Carlos",
        "guName": "Carlos",
        "KlastName": "Lemke",
        "userPrincipalName": "M332057824",
        "Kjob": "Human Marketing Supervisor",
        "hierarchy": "illum/qui/recusandae/Human Marketing Supervisor - Carlos Lemke",
        "sAMAccountName": "Vivienne.Wehner55",
        "mail": "Vivienne.Wehner55@rabiran.com"
    },
    {
        "KfirstName": "Kyler",
        "guName": "Kyler",
        "KlastName": "Murphy",
        "userPrincipalName": "M307617621",
        "Kjob": "Forward Intranet Administrator",
        "hierarchy": "expedita/eos/repellat/Forward Intranet Administrator - Kyler Murphy",
        "sAMAccountName": "Collin_Quitzon",
        "mail": "Collin_Quitzon@rabiran.com"
    },
    {
        "KfirstName": "Cristopher",
        "guName": "Cristopher",
        "KlastName": "Rath",
        "userPrincipalName": "M712617867",
        "Kjob": "Central Security Coordinator",
        "hierarchy": "rerum/quod/in/Central Security Coordinator - Cristopher Rath",
        "sAMAccountName": "Stephania_Lowe",
        "mail": "Stephania_Lowe@rabiran.com"
    },
    {
        "KfirstName": "Cordie",
        "guName": "Cordie",
        "KlastName": "Ritchie",
        "userPrincipalName": "M654095104",
        "Kjob": "Legacy Communications Designer",
        "hierarchy": "dolor/quo/non/Legacy Communications Designer - Cordie Ritchie",
        "sAMAccountName": "Makenzie_Smith",
        "mail": "Makenzie_Smith@rabiran.com"
    },
    {
        "KfirstName": "Seamus",
        "guName": "Seamus",
        "KlastName": "Nitzsche",
        "userPrincipalName": "M995508271",
        "Kjob": "Central Data Representative",
        "hierarchy": "tempore/vitae/iure/Central Data Representative - Seamus Nitzsche",
        "sAMAccountName": "Nils_Bernier7",
        "mail": "Nils_Bernier7@rabiran.com"
    },
    {
        "KfirstName": "Leon",
        "guName": "Leon",
        "KlastName": "Zemlak",
        "userPrincipalName": "M128914224",
        "Kjob": "Dynamic Web Representative",
        "hierarchy": "iure/enim/ut/Dynamic Web Representative - Leon Zemlak",
        "sAMAccountName": "Aleen.Block80",
        "mail": "Aleen.Block80@rabiran.com"
    },
    {
        "KfirstName": "Salvatore",
        "guName": "Salvatore",
        "KlastName": "Cartwright",
        "userPrincipalName": "M996067720",
        "Kjob": "Dynamic Data Developer",
        "hierarchy": "voluptas/odio/hic/Dynamic Data Developer - Salvatore Cartwright",
        "sAMAccountName": "Gisselle59",
        "mail": "Gisselle59@rabiran.com"
    },
    {
        "KfirstName": "Cloyd",
        "guName": "Cloyd",
        "KlastName": "Gorczany",
        "userPrincipalName": "M674958820",
        "Kjob": "District Tactics Developer",
        "hierarchy": "recusandae/animi/sit/District Tactics Developer - Cloyd Gorczany",
        "sAMAccountName": "Halle79",
        "mail": "Halle79@rabiran.com"
    },
    {
        "KfirstName": "Zena",
        "guName": "Zena",
        "KlastName": "Cummerata",
        "userPrincipalName": "M491148805",
        "Kjob": "Forward Quality Facilitator",
        "hierarchy": "rerum/dicta/dolores/Forward Quality Facilitator - Zena Cummerata",
        "sAMAccountName": "Berniece_Marquardt58",
        "mail": "Berniece_Marquardt58@rabiran.com"
    },
    {
        "KfirstName": "Lolita",
        "guName": "Lolita",
        "KlastName": "Gislason",
        "userPrincipalName": "M347361833",
        "Kjob": "Human Functionality Officer",
        "hierarchy": "sunt/impedit/voluptas/Human Functionality Officer - Lolita Gislason",
        "sAMAccountName": "Brandon_Walter23",
        "mail": "Brandon_Walter23@rabiran.com"
    },
    {
        "KfirstName": "Leonie",
        "guName": "Leonie",
        "KlastName": "Schuster",
        "userPrincipalName": "M848274329",
        "Kjob": "Lead Tactics Director",
        "hierarchy": "et/illum/assumenda/Lead Tactics Director - Leonie Schuster",
        "sAMAccountName": "Amalia.Bahringer",
        "mail": "Amalia.Bahringer@rabiran.com"
    },
    {
        "KfirstName": "Liana",
        "guName": "Liana",
        "KlastName": "Ullrich",
        "userPrincipalName": "M136736487",
        "Kjob": "Senior Program Analyst",
        "hierarchy": "officia/quisquam/omnis/Senior Program Analyst - Liana Ullrich",
        "sAMAccountName": "Conor_Hickle92",
        "mail": "Conor_Hickle92@rabiran.com"
    },
    {
        "KfirstName": "Aurelio",
        "guName": "Aurelio",
        "KlastName": "Mann",
        "userPrincipalName": "M918854815",
        "Kjob": "Human Branding Supervisor",
        "hierarchy": "veniam/iste/in/Human Branding Supervisor - Aurelio Mann",
        "sAMAccountName": "Janelle_Rutherford52",
        "mail": "Janelle_Rutherford52@rabiran.com"
    },
    {
        "KfirstName": "Jeramie",
        "guName": "Jeramie",
        "KlastName": "Koch",
        "userPrincipalName": "M745191975",
        "Kjob": "Senior Creative Manager",
        "hierarchy": "dolore/aliquam/dignissimos/Senior Creative Manager - Jeramie Koch",
        "sAMAccountName": "Hollie_Sawayn",
        "mail": "Hollie_Sawayn@rabiran.com"
    },
    {
        "KfirstName": "Lafayette",
        "guName": "Lafayette",
        "KlastName": "Fahey",
        "userPrincipalName": "M837548770",
        "Kjob": "Regional Brand Designer",
        "hierarchy": "possimus/cum/eum/Regional Brand Designer - Lafayette Fahey",
        "sAMAccountName": "Giles.Veum45",
        "mail": "Giles.Veum45@rabiran.com"
    },
    {
        "KfirstName": "Alice",
        "guName": "Alice",
        "KlastName": "Parisian",
        "userPrincipalName": "M663963440",
        "Kjob": "District Quality Producer",
        "hierarchy": "doloribus/enim/esse/District Quality Producer - Alice Parisian",
        "sAMAccountName": "Chance_Macejkovic",
        "mail": "Chance_Macejkovic@rabiran.com"
    },
    {
        "KfirstName": "Stefan",
        "guName": "Stefan",
        "KlastName": "Rau",
        "userPrincipalName": "M689673115",
        "Kjob": "Corporate Mobility Manager",
        "hierarchy": "eveniet/beatae/non/Corporate Mobility Manager - Stefan Rau",
        "sAMAccountName": "Vivianne65",
        "mail": "Vivianne65@rabiran.com"
    },
    {
        "KfirstName": "Jeanette",
        "guName": "Jeanette",
        "KlastName": "Boyer",
        "userPrincipalName": "M797422990",
        "Kjob": "Direct Optimization Producer",
        "hierarchy": "rerum/et/a/Direct Optimization Producer - Jeanette Boyer",
        "sAMAccountName": "Keely.Rowe",
        "mail": "Keely.Rowe@rabiran.com"
    },
    {
        "KfirstName": "Kirk",
        "guName": "Kirk",
        "KlastName": "Reynolds",
        "userPrincipalName": "M451638054",
        "Kjob": "Lead Group Developer",
        "hierarchy": "delectus/fugit/eaque/Lead Group Developer - Kirk Reynolds",
        "sAMAccountName": "Lou.Ullrich44",
        "mail": "Lou.Ullrich44@rabiran.com"
    },
    {
        "KfirstName": "Arden",
        "guName": "Arden",
        "KlastName": "Marquardt",
        "userPrincipalName": "M183918891",
        "Kjob": "Future Accountability Liaison",
        "hierarchy": "voluptas/consequatur/id/Future Accountability Liaison - Arden Marquardt",
        "sAMAccountName": "Ignatius.Beer",
        "mail": "Ignatius.Beer@rabiran.com"
    },
    {
        "KfirstName": "Arno",
        "guName": "Arno",
        "KlastName": "Lemke",
        "userPrincipalName": "M82563879",
        "Kjob": "Dynamic Directives Consultant",
        "hierarchy": "quam/nostrum/dolorum/Dynamic Directives Consultant - Arno Lemke",
        "sAMAccountName": "Damaris_Carter5",
        "mail": "Damaris_Carter5@rabiran.com"
    },
    {
        "KfirstName": "Annamae",
        "guName": "Annamae",
        "KlastName": "Rowe",
        "userPrincipalName": "M25468416",
        "Kjob": "Global Tactics Manager",
        "hierarchy": "nostrum/ipsum/tenetur/Global Tactics Manager - Annamae Rowe",
        "sAMAccountName": "Iva.Kuhic",
        "mail": "Iva.Kuhic@rabiran.com"
    },
    {
        "KfirstName": "Helena",
        "guName": "Helena",
        "KlastName": "Mills",
        "userPrincipalName": "M148188487",
        "Kjob": "Customer Web Supervisor",
        "hierarchy": "optio/inventore/culpa/Customer Web Supervisor - Helena Mills",
        "sAMAccountName": "Darrion34",
        "mail": "Darrion34@rabiran.com"
    },
    {
        "KfirstName": "Alyson",
        "guName": "Alyson",
        "KlastName": "Morar",
        "userPrincipalName": "M503928568",
        "Kjob": "National Accountability Producer",
        "hierarchy": "labore/sit/optio/National Accountability Producer - Alyson Morar",
        "sAMAccountName": "Elmore.OConner56",
        "mail": "Elmore.OConner56@rabiran.com"
    },
    {
        "KfirstName": "Aniyah",
        "guName": "Aniyah",
        "KlastName": "Stehr",
        "userPrincipalName": "M562936507",
        "Kjob": "Product Identity Orchestrator",
        "hierarchy": "cumque/ut/sit/Product Identity Orchestrator - Aniyah Stehr",
        "sAMAccountName": "Stanford.Howell98",
        "mail": "Stanford.Howell98@rabiran.com"
    },
    {
        "KfirstName": "Jesus",
        "guName": "Jesus",
        "KlastName": "Nolan",
        "userPrincipalName": "M72870684",
        "Kjob": "Legacy Interactions Agent",
        "hierarchy": "aut/minus/deserunt/Legacy Interactions Agent - Jesus Nolan",
        "sAMAccountName": "Guiseppe32",
        "mail": "Guiseppe32@rabiran.com"
    },
    {
        "KfirstName": "Johnathon",
        "guName": "Johnathon",
        "KlastName": "Konopelski",
        "userPrincipalName": "M236902166",
        "Kjob": "National Creative Specialist",
        "hierarchy": "laboriosam/est/aut/National Creative Specialist - Johnathon Konopelski",
        "sAMAccountName": "Eudora_Halvorson",
        "mail": "Eudora_Halvorson@rabiran.com"
    },
    {
        "KfirstName": "Irving",
        "guName": "Irving",
        "KlastName": "Toy",
        "userPrincipalName": "M319653277",
        "Kjob": "Regional Integration Analyst",
        "hierarchy": "quia/qui/atque/Regional Integration Analyst - Irving Toy",
        "sAMAccountName": "Jedidiah41",
        "mail": "Jedidiah41@rabiran.com"
    },
    {
        "KfirstName": "Kelli",
        "guName": "Kelli",
        "KlastName": "Anderson",
        "userPrincipalName": "M494997897",
        "Kjob": "Principal Metrics Consultant",
        "hierarchy": "aperiam/maxime/ut/Principal Metrics Consultant - Kelli Anderson",
        "sAMAccountName": "Coby18",
        "mail": "Coby18@rabiran.com"
    },
    {
        "KfirstName": "Hosea",
        "guName": "Hosea",
        "KlastName": "Mayer",
        "userPrincipalName": "M480084094",
        "Kjob": "National Infrastructure Architect",
        "hierarchy": "dicta/rem/ad/National Infrastructure Architect - Hosea Mayer",
        "sAMAccountName": "Aisha_Schowalter88",
        "mail": "Aisha_Schowalter88@rabiran.com"
    },
    {
        "KfirstName": "Bradford",
        "guName": "Bradford",
        "KlastName": "Deckow",
        "userPrincipalName": "M611100907",
        "Kjob": "Legacy Communications Representative",
        "hierarchy": "odio/deleniti/molestias/Legacy Communications Representative - Bradford Deckow",
        "sAMAccountName": "Danyka77",
        "mail": "Danyka77@rabiran.com"
    },
    {
        "KfirstName": "Delores",
        "guName": "Delores",
        "KlastName": "Wilderman",
        "userPrincipalName": "M360762713",
        "Kjob": "Forward Branding Strategist",
        "hierarchy": "non/voluptate/sapiente/Forward Branding Strategist - Delores Wilderman",
        "sAMAccountName": "Diamond74",
        "mail": "Diamond74@rabiran.com"
    },
    {
        "KfirstName": "Bernie",
        "guName": "Bernie",
        "KlastName": "Yundt",
        "userPrincipalName": "M793983953",
        "Kjob": "Investor Usability Producer",
        "hierarchy": "praesentium/esse/placeat/Investor Usability Producer - Bernie Yundt",
        "sAMAccountName": "Logan7",
        "mail": "Logan7@rabiran.com"
    },
    {
        "KfirstName": "Katharina",
        "guName": "Katharina",
        "KlastName": "Langosh",
        "userPrincipalName": "M381802152",
        "Kjob": "Global Identity Architect",
        "hierarchy": "omnis/modi/qui/Global Identity Architect - Katharina Langosh",
        "sAMAccountName": "Abe98",
        "mail": "Abe98@rabiran.com"
    },
    {
        "KfirstName": "Wilfrid",
        "guName": "Wilfrid",
        "KlastName": "Gerlach",
        "userPrincipalName": "M793201865",
        "Kjob": "Corporate Creative Producer",
        "hierarchy": "unde/quo/eum/Corporate Creative Producer - Wilfrid Gerlach",
        "sAMAccountName": "Lazaro_Krajcik22",
        "mail": "Lazaro_Krajcik22@rabiran.com"
    },
    {
        "KfirstName": "Griffin",
        "guName": "Griffin",
        "KlastName": "Lueilwitz",
        "userPrincipalName": "M3403383",
        "Kjob": "International Data Strategist",
        "hierarchy": "optio/temporibus/pariatur/International Data Strategist - Griffin Lueilwitz",
        "sAMAccountName": "Rylee.Casper6",
        "mail": "Rylee.Casper6@rabiran.com"
    },
    {
        "KfirstName": "Tyrell",
        "guName": "Tyrell",
        "KlastName": "Legros",
        "userPrincipalName": "M120143371",
        "Kjob": "Direct Accounts Developer",
        "hierarchy": "est/non/est/Direct Accounts Developer - Tyrell Legros",
        "sAMAccountName": "Constantin78",
        "mail": "Constantin78@rabiran.com"
    },
    {
        "KfirstName": "Jaycee",
        "guName": "Jaycee",
        "KlastName": "Hudson",
        "userPrincipalName": "M133766729",
        "Kjob": "Chief Data Administrator",
        "hierarchy": "tempore/consequatur/aut/Chief Data Administrator - Jaycee Hudson",
        "sAMAccountName": "Pearl69",
        "mail": "Pearl69@rabiran.com"
    },
    {
        "KfirstName": "Eunice",
        "guName": "Eunice",
        "KlastName": "Rau",
        "userPrincipalName": "M637208790",
        "Kjob": "Dynamic Factors Consultant",
        "hierarchy": "adipisci/libero/explicabo/Dynamic Factors Consultant - Eunice Rau",
        "sAMAccountName": "Jaleel71",
        "mail": "Jaleel71@rabiran.com"
    },
    {
        "KfirstName": "Lorenz",
        "guName": "Lorenz",
        "KlastName": "Tillman",
        "userPrincipalName": "M553677235",
        "Kjob": "Customer Paradigm Designer",
        "hierarchy": "magni/tempora/labore/Customer Paradigm Designer - Lorenz Tillman",
        "sAMAccountName": "Ellis2",
        "mail": "Ellis2@rabiran.com"
    },
    {
        "KfirstName": "Urban",
        "guName": "Urban",
        "KlastName": "McClure",
        "userPrincipalName": "M944531907",
        "Kjob": "Chief Response Specialist",
        "hierarchy": "molestias/ab/id/Chief Response Specialist - Urban McClure",
        "sAMAccountName": "Carey39",
        "mail": "Carey39@rabiran.com"
    },
    {
        "KfirstName": "Brad",
        "guName": "Brad",
        "KlastName": "Herzog",
        "userPrincipalName": "M418336143",
        "Kjob": "District Response Consultant",
        "hierarchy": "debitis/vel/est/District Response Consultant - Brad Herzog",
        "sAMAccountName": "Keira.Hoeger83",
        "mail": "Keira.Hoeger83@rabiran.com"
    },
    {
        "KfirstName": "Adan",
        "guName": "Adan",
        "KlastName": "Tromp",
        "userPrincipalName": "M87337588",
        "Kjob": "Customer Group Consultant",
        "hierarchy": "velit/molestiae/libero/Customer Group Consultant - Adan Tromp",
        "sAMAccountName": "Lisette38",
        "mail": "Lisette38@rabiran.com"
    },
    {
        "KfirstName": "Vinnie",
        "guName": "Vinnie",
        "KlastName": "Corkery",
        "userPrincipalName": "M992550726",
        "Kjob": "Product Marketing Supervisor",
        "hierarchy": "voluptate/reprehenderit/nulla/Product Marketing Supervisor - Vinnie Corkery",
        "sAMAccountName": "Dave.Flatley",
        "mail": "Dave.Flatley@rabiran.com"
    },
    {
        "KfirstName": "Griffin",
        "guName": "Griffin",
        "KlastName": "Boehm",
        "userPrincipalName": "M795253801",
        "Kjob": "Central Directives Specialist",
        "hierarchy": "voluptates/sunt/dolorem/Central Directives Specialist - Griffin Boehm",
        "sAMAccountName": "Laverne_Gaylord",
        "mail": "Laverne_Gaylord@rabiran.com"
    },
    {
        "KfirstName": "George",
        "guName": "George",
        "KlastName": "Toy",
        "userPrincipalName": "M637456567",
        "Kjob": "Investor Tactics Facilitator",
        "hierarchy": "sed/nostrum/minus/Investor Tactics Facilitator - George Toy",
        "sAMAccountName": "Clemmie_Hahn",
        "mail": "Clemmie_Hahn@rabiran.com"
    },
    {
        "KfirstName": "Shirley",
        "guName": "Shirley",
        "KlastName": "Zieme",
        "userPrincipalName": "M655243591",
        "Kjob": "Senior Configuration Liaison",
        "hierarchy": "minus/accusamus/quod/Senior Configuration Liaison - Shirley Zieme",
        "sAMAccountName": "Bette22",
        "mail": "Bette22@rabiran.com"
    },
    {
        "KfirstName": "Harold",
        "guName": "Harold",
        "KlastName": "Bernhard",
        "userPrincipalName": "M714411081",
        "Kjob": "National Identity Coordinator",
        "hierarchy": "omnis/ex/exercitationem/National Identity Coordinator - Harold Bernhard",
        "sAMAccountName": "Cameron_Dooley",
        "mail": "Cameron_Dooley@rabiran.com"
    },
    {
        "KfirstName": "Crystel",
        "guName": "Crystel",
        "KlastName": "Doyle",
        "userPrincipalName": "M846386803",
        "Kjob": "Human Identity Representative",
        "hierarchy": "dolor/consequuntur/doloremque/Human Identity Representative - Crystel Doyle",
        "sAMAccountName": "Ransom.Jaskolski",
        "mail": "Ransom.Jaskolski@rabiran.com"
    },
    {
        "KfirstName": "Electa",
        "guName": "Electa",
        "KlastName": "Ward",
        "userPrincipalName": "M622632722",
        "Kjob": "Chief Group Representative",
        "hierarchy": "enim/natus/consequatur/Chief Group Representative - Electa Ward",
        "sAMAccountName": "Erik.McLaughlin",
        "mail": "Erik.McLaughlin@rabiran.com"
    },
    {
        "KfirstName": "Jon",
        "guName": "Jon",
        "KlastName": "Braun",
        "userPrincipalName": "M910018804",
        "Kjob": "Corporate Optimization Developer",
        "hierarchy": "eos/et/molestias/Corporate Optimization Developer - Jon Braun",
        "sAMAccountName": "Ivory_Schuster16",
        "mail": "Ivory_Schuster16@rabiran.com"
    },
    {
        "KfirstName": "Tyshawn",
        "guName": "Tyshawn",
        "KlastName": "Hills",
        "userPrincipalName": "M765080082",
        "Kjob": "Principal Tactics Designer",
        "hierarchy": "aut/corrupti/iste/Principal Tactics Designer - Tyshawn Hills",
        "sAMAccountName": "Maia.Klein88",
        "mail": "Maia.Klein88@rabiran.com"
    },
    {
        "KfirstName": "Stephania",
        "guName": "Stephania",
        "KlastName": "Greenfelder",
        "userPrincipalName": "M809225546",
        "Kjob": "Future Security Assistant",
        "hierarchy": "quasi/atque/tempora/Future Security Assistant - Stephania Greenfelder",
        "sAMAccountName": "Winston.McKenzie",
        "mail": "Winston.McKenzie@rabiran.com"
    },
    {
        "KfirstName": "Adalberto",
        "guName": "Adalberto",
        "KlastName": "Gorczany",
        "userPrincipalName": "M411377306",
        "Kjob": "Global Identity Producer",
        "hierarchy": "rerum/natus/enim/Global Identity Producer - Adalberto Gorczany",
        "sAMAccountName": "Vincenza82",
        "mail": "Vincenza82@rabiran.com"
    },
    {
        "KfirstName": "Beryl",
        "guName": "Beryl",
        "KlastName": "Ullrich",
        "userPrincipalName": "M539506824",
        "Kjob": "International Quality Assistant",
        "hierarchy": "quae/assumenda/recusandae/International Quality Assistant - Beryl Ullrich",
        "sAMAccountName": "Elfrieda_Dickinson15",
        "mail": "Elfrieda_Dickinson15@rabiran.com"
    },
    {
        "KfirstName": "Grant",
        "guName": "Grant",
        "KlastName": "Kub",
        "userPrincipalName": "M769162273",
        "Kjob": "Legacy Solutions Specialist",
        "hierarchy": "ipsam/nisi/reprehenderit/Legacy Solutions Specialist - Grant Kub",
        "sAMAccountName": "Providenci0",
        "mail": "Providenci0@rabiran.com"
    },
    {
        "KfirstName": "Rosina",
        "guName": "Rosina",
        "KlastName": "O'Hara",
        "userPrincipalName": "M226176954",
        "Kjob": "District Identity Designer",
        "hierarchy": "sunt/modi/quia/District Identity Designer - Rosina O'Hara",
        "sAMAccountName": "Zora.Metz",
        "mail": "Zora.Metz@rabiran.com"
    },
    {
        "KfirstName": "Newton",
        "guName": "Newton",
        "KlastName": "Wiegand",
        "userPrincipalName": "M860387820",
        "Kjob": "Principal Markets Representative",
        "hierarchy": "mollitia/facilis/placeat/Principal Markets Representative - Newton Wiegand",
        "sAMAccountName": "Myriam5",
        "mail": "Myriam5@rabiran.com"
    },
    {
        "KfirstName": "Ottilie",
        "guName": "Ottilie",
        "KlastName": "Harris",
        "userPrincipalName": "M519567157",
        "Kjob": "Regional Markets Manager",
        "hierarchy": "illum/non/asperiores/Regional Markets Manager - Ottilie Harris",
        "sAMAccountName": "Leilani48",
        "mail": "Leilani48@rabiran.com"
    },
    {
        "KfirstName": "Ressie",
        "guName": "Ressie",
        "KlastName": "Schulist",
        "userPrincipalName": "M604869111",
        "Kjob": "Principal Quality Manager",
        "hierarchy": "qui/id/harum/Principal Quality Manager - Ressie Schulist",
        "sAMAccountName": "Baby82",
        "mail": "Baby82@rabiran.com"
    },
    {
        "KfirstName": "Garland",
        "guName": "Garland",
        "KlastName": "Hettinger",
        "userPrincipalName": "M602577276",
        "Kjob": "Corporate Markets Strategist",
        "hierarchy": "et/velit/velit/Corporate Markets Strategist - Garland Hettinger",
        "sAMAccountName": "Jillian.Wyman",
        "mail": "Jillian.Wyman@rabiran.com"
    },
    {
        "KfirstName": "Candice",
        "guName": "Candice",
        "KlastName": "Connelly",
        "userPrincipalName": "M967195748",
        "Kjob": "Chief Accountability Coordinator",
        "hierarchy": "quasi/ut/tenetur/Chief Accountability Coordinator - Candice Connelly",
        "sAMAccountName": "Remington.Orn",
        "mail": "Remington.Orn@rabiran.com"
    },
    {
        "KfirstName": "Nyasia",
        "guName": "Nyasia",
        "KlastName": "Morissette",
        "userPrincipalName": "M515727269",
        "Kjob": "Global Quality Manager",
        "hierarchy": "incidunt/esse/eveniet/Global Quality Manager - Nyasia Morissette",
        "sAMAccountName": "Jaquan.Kunde",
        "mail": "Jaquan.Kunde@rabiran.com"
    },
    {
        "KfirstName": "Ernest",
        "guName": "Ernest",
        "KlastName": "Mohr",
        "userPrincipalName": "M269328163",
        "Kjob": "Chief Markets Coordinator",
        "hierarchy": "rerum/debitis/expedita/Chief Markets Coordinator - Ernest Mohr",
        "sAMAccountName": "Katelyn34",
        "mail": "Katelyn34@rabiran.com"
    },
    {
        "KfirstName": "Myah",
        "guName": "Myah",
        "KlastName": "Ebert",
        "userPrincipalName": "M808110510",
        "Kjob": "Forward Quality Analyst",
        "hierarchy": "ipsum/veniam/et/Forward Quality Analyst - Myah Ebert",
        "sAMAccountName": "Oral_Lubowitz91",
        "mail": "Oral_Lubowitz91@rabiran.com"
    },
    {
        "KfirstName": "Marcia",
        "guName": "Marcia",
        "KlastName": "Schaefer",
        "userPrincipalName": "M523547113",
        "Kjob": "International Optimization Specialist",
        "hierarchy": "commodi/rem/voluptas/International Optimization Specialist - Marcia Schaefer",
        "sAMAccountName": "Jennie.Bruen",
        "mail": "Jennie.Bruen@rabiran.com"
    },
    {
        "KfirstName": "Jacinto",
        "guName": "Jacinto",
        "KlastName": "Welch",
        "userPrincipalName": "M237524413",
        "Kjob": "Dynamic Paradigm Technician",
        "hierarchy": "non/repellat/illo/Dynamic Paradigm Technician - Jacinto Welch",
        "sAMAccountName": "Jessika.Osinski10",
        "mail": "Jessika.Osinski10@rabiran.com"
    },
    {
        "KfirstName": "Curt",
        "guName": "Curt",
        "KlastName": "Fahey",
        "userPrincipalName": "M794325086",
        "Kjob": "District Identity Facilitator",
        "hierarchy": "quis/velit/cumque/District Identity Facilitator - Curt Fahey",
        "sAMAccountName": "Janessa68",
        "mail": "Janessa68@rabiran.com"
    },
    {
        "KfirstName": "Waylon",
        "guName": "Waylon",
        "KlastName": "Welch",
        "userPrincipalName": "M771874162",
        "Kjob": "Global Solutions Consultant",
        "hierarchy": "tempora/minus/repudiandae/Global Solutions Consultant - Waylon Welch",
        "sAMAccountName": "Kari_Smitham48",
        "mail": "Kari_Smitham48@rabiran.com"
    },
    {
        "KfirstName": "Karlee",
        "guName": "Karlee",
        "KlastName": "Ward",
        "userPrincipalName": "M886576212",
        "Kjob": "Chief Factors Director",
        "hierarchy": "assumenda/corporis/sunt/Chief Factors Director - Karlee Ward",
        "sAMAccountName": "Uriel99",
        "mail": "Uriel99@rabiran.com"
    },
    {
        "KfirstName": "Sammie",
        "guName": "Sammie",
        "KlastName": "Gulgowski",
        "userPrincipalName": "M785556618",
        "Kjob": "International Accountability Facilitator",
        "hierarchy": "quia/cum/voluptatem/International Accountability Facilitator - Sammie Gulgowski",
        "sAMAccountName": "Ardella.Dietrich",
        "mail": "Ardella.Dietrich@rabiran.com"
    },
    {
        "KfirstName": "Keith",
        "guName": "Keith",
        "KlastName": "King",
        "userPrincipalName": "M986570955",
        "Kjob": "Chief Program Agent",
        "hierarchy": "corrupti/nisi/rerum/Chief Program Agent - Keith King",
        "sAMAccountName": "Ashleigh61",
        "mail": "Ashleigh61@rabiran.com"
    },
    {
        "KfirstName": "Robbie",
        "guName": "Robbie",
        "KlastName": "Fisher",
        "userPrincipalName": "M1753792",
        "Kjob": "Chief Creative Assistant",
        "hierarchy": "libero/est/molestiae/Chief Creative Assistant - Robbie Fisher",
        "sAMAccountName": "Bridie.Walker",
        "mail": "Bridie.Walker@rabiran.com"
    },
    {
        "KfirstName": "Mossie",
        "guName": "Mossie",
        "KlastName": "Purdy",
        "userPrincipalName": "M583311416",
        "Kjob": "Investor Implementation Manager",
        "hierarchy": "voluptatem/veritatis/vel/Investor Implementation Manager - Mossie Purdy",
        "sAMAccountName": "Catalina95",
        "mail": "Catalina95@rabiran.com"
    },
    {
        "KfirstName": "Mona",
        "guName": "Mona",
        "KlastName": "Metz",
        "userPrincipalName": "M505981063",
        "Kjob": "Investor Metrics Manager",
        "hierarchy": "laudantium/commodi/aliquam/Investor Metrics Manager - Mona Metz",
        "sAMAccountName": "Idell.Carroll16",
        "mail": "Idell.Carroll16@rabiran.com"
    },
    {
        "KfirstName": "Alessia",
        "guName": "Alessia",
        "KlastName": "Johns",
        "userPrincipalName": "M213942102",
        "Kjob": "Forward Assurance Designer",
        "hierarchy": "excepturi/et/optio/Forward Assurance Designer - Alessia Johns",
        "sAMAccountName": "Wayne.Runolfsdottir",
        "mail": "Wayne.Runolfsdottir@rabiran.com"
    },
    {
        "KfirstName": "Janet",
        "guName": "Janet",
        "KlastName": "Kuphal",
        "userPrincipalName": "M504112381",
        "Kjob": "Chief Assurance Supervisor",
        "hierarchy": "sed/est/accusamus/Chief Assurance Supervisor - Janet Kuphal",
        "sAMAccountName": "Jennie_Stamm40",
        "mail": "Jennie_Stamm40@rabiran.com"
    },
    {
        "KfirstName": "Lindsey",
        "guName": "Lindsey",
        "KlastName": "Bogan",
        "userPrincipalName": "M703332183",
        "Kjob": "Corporate Creative Administrator",
        "hierarchy": "rem/voluptas/sint/Corporate Creative Administrator - Lindsey Bogan",
        "sAMAccountName": "Allison_Bogan38",
        "mail": "Allison_Bogan38@rabiran.com"
    },
    {
        "KfirstName": "Urban",
        "guName": "Urban",
        "KlastName": "Kuvalis",
        "userPrincipalName": "M459681733",
        "Kjob": "International Implementation Representative",
        "hierarchy": "quod/nostrum/a/International Implementation Representative - Urban Kuvalis",
        "sAMAccountName": "Loma_Ritchie42",
        "mail": "Loma_Ritchie42@rabiran.com"
    },
    {
        "KfirstName": "Yadira",
        "guName": "Yadira",
        "KlastName": "Parisian",
        "userPrincipalName": "M207102243",
        "Kjob": "Regional Brand Coordinator",
        "hierarchy": "adipisci/ducimus/sit/Regional Brand Coordinator - Yadira Parisian",
        "sAMAccountName": "Dina.Kiehn16",
        "mail": "Dina.Kiehn16@rabiran.com"
    },
    {
        "KfirstName": "Rocio",
        "guName": "Rocio",
        "KlastName": "Braun",
        "userPrincipalName": "M344835021",
        "Kjob": "Dynamic Branding Engineer",
        "hierarchy": "vel/molestiae/cum/Dynamic Branding Engineer - Rocio Braun",
        "sAMAccountName": "Adela.Farrell35",
        "mail": "Adela.Farrell35@rabiran.com"
    },
    {
        "KfirstName": "Cheyanne",
        "guName": "Cheyanne",
        "KlastName": "Brakus",
        "userPrincipalName": "M597805915",
        "Kjob": "Human Tactics Analyst",
        "hierarchy": "quibusdam/quia/odit/Human Tactics Analyst - Cheyanne Brakus",
        "sAMAccountName": "Jayde42",
        "mail": "Jayde42@rabiran.com"
    },
    {
        "KfirstName": "Demario",
        "guName": "Demario",
        "KlastName": "Glover",
        "userPrincipalName": "M695361218",
        "Kjob": "International Tactics Consultant",
        "hierarchy": "aut/iure/non/International Tactics Consultant - Demario Glover",
        "sAMAccountName": "Darrell_Ferry",
        "mail": "Darrell_Ferry@rabiran.com"
    },
    {
        "KfirstName": "Marcelina",
        "guName": "Marcelina",
        "KlastName": "Hayes",
        "userPrincipalName": "M639897323",
        "Kjob": "Investor Solutions Supervisor",
        "hierarchy": "et/officia/animi/Investor Solutions Supervisor - Marcelina Hayes",
        "sAMAccountName": "Diamond.Balistreri71",
        "mail": "Diamond.Balistreri71@rabiran.com"
    },
    {
        "KfirstName": "Jana",
        "guName": "Jana",
        "KlastName": "Schiller",
        "userPrincipalName": "M891191722",
        "Kjob": "Regional Web Agent",
        "hierarchy": "quo/nam/qui/Regional Web Agent - Jana Schiller",
        "sAMAccountName": "Bianka50",
        "mail": "Bianka50@rabiran.com"
    },
    {
        "KfirstName": "Cole",
        "guName": "Cole",
        "KlastName": "Homenick",
        "userPrincipalName": "M405317150",
        "Kjob": "Direct Quality Agent",
        "hierarchy": "voluptatem/quis/est/Direct Quality Agent - Cole Homenick",
        "sAMAccountName": "Clare_Jast",
        "mail": "Clare_Jast@rabiran.com"
    },
    {
        "KfirstName": "Kaitlyn",
        "guName": "Kaitlyn",
        "KlastName": "Schaefer",
        "userPrincipalName": "M226329195",
        "Kjob": "Future Paradigm Architect",
        "hierarchy": "dicta/omnis/aut/Future Paradigm Architect - Kaitlyn Schaefer",
        "sAMAccountName": "Jaron57",
        "mail": "Jaron57@rabiran.com"
    },
    {
        "KfirstName": "Mark",
        "guName": "Mark",
        "KlastName": "Hoeger",
        "userPrincipalName": "M726723663",
        "Kjob": "Customer Optimization Supervisor",
        "hierarchy": "culpa/quod/possimus/Customer Optimization Supervisor - Mark Hoeger",
        "sAMAccountName": "Moses_Reynolds",
        "mail": "Moses_Reynolds@rabiran.com"
    },
    {
        "KfirstName": "Anne",
        "guName": "Anne",
        "KlastName": "Bailey",
        "userPrincipalName": "M885360249",
        "Kjob": "Human Identity Executive",
        "hierarchy": "aut/molestias/ut/Human Identity Executive - Anne Bailey",
        "sAMAccountName": "Reva.Altenwerth8",
        "mail": "Reva.Altenwerth8@rabiran.com"
    },
    {
        "KfirstName": "Danyka",
        "guName": "Danyka",
        "KlastName": "Gaylord",
        "userPrincipalName": "M356048282",
        "Kjob": "Internal Interactions Orchestrator",
        "hierarchy": "molestiae/debitis/incidunt/Internal Interactions Orchestrator - Danyka Gaylord",
        "sAMAccountName": "Gregory.Conroy",
        "mail": "Gregory.Conroy@rabiran.com"
    },
    {
        "KfirstName": "Marion",
        "guName": "Marion",
        "KlastName": "Graham",
        "userPrincipalName": "M978757510",
        "Kjob": "National Paradigm Engineer",
        "hierarchy": "qui/maxime/doloremque/National Paradigm Engineer - Marion Graham",
        "sAMAccountName": "Tina.Towne98",
        "mail": "Tina.Towne98@rabiran.com"
    },
    {
        "KfirstName": "Grayce",
        "guName": "Grayce",
        "KlastName": "Abernathy",
        "userPrincipalName": "M417561475",
        "Kjob": "International Assurance Representative",
        "hierarchy": "consectetur/laborum/nesciunt/International Assurance Representative - Grayce Abernathy",
        "sAMAccountName": "Will_Stroman50",
        "mail": "Will_Stroman50@rabiran.com"
    },
    {
        "KfirstName": "Lempi",
        "guName": "Lempi",
        "KlastName": "Pfannerstill",
        "userPrincipalName": "M255434011",
        "Kjob": "Dynamic Marketing Analyst",
        "hierarchy": "corporis/voluptatem/numquam/Dynamic Marketing Analyst - Lempi Pfannerstill",
        "sAMAccountName": "Lempi_Boyle12",
        "mail": "Lempi_Boyle12@rabiran.com"
    },
    {
        "KfirstName": "Frances",
        "guName": "Frances",
        "KlastName": "Bergnaum",
        "userPrincipalName": "M363766199",
        "Kjob": "Dynamic Web Liaison",
        "hierarchy": "modi/qui/eum/Dynamic Web Liaison - Frances Bergnaum",
        "sAMAccountName": "Cristal.Mueller",
        "mail": "Cristal.Mueller@rabiran.com"
    },
    {
        "KfirstName": "Enid",
        "guName": "Enid",
        "KlastName": "Barrows",
        "userPrincipalName": "M438038587",
        "Kjob": "District Web Orchestrator",
        "hierarchy": "facilis/blanditiis/qui/District Web Orchestrator - Enid Barrows",
        "sAMAccountName": "Bryce37",
        "mail": "Bryce37@rabiran.com"
    },
    {
        "KfirstName": "Alvah",
        "guName": "Alvah",
        "KlastName": "Homenick",
        "userPrincipalName": "M856055054",
        "Kjob": "Customer Interactions Analyst",
        "hierarchy": "modi/vero/facilis/Customer Interactions Analyst - Alvah Homenick",
        "sAMAccountName": "Lesley14",
        "mail": "Lesley14@rabiran.com"
    },
    {
        "KfirstName": "Angelita",
        "guName": "Angelita",
        "KlastName": "Hegmann",
        "userPrincipalName": "M384855839",
        "Kjob": "Customer Factors Administrator",
        "hierarchy": "et/nihil/optio/Customer Factors Administrator - Angelita Hegmann",
        "sAMAccountName": "Ramiro.Hayes43",
        "mail": "Ramiro.Hayes43@rabiran.com"
    },
    {
        "KfirstName": "Nikolas",
        "guName": "Nikolas",
        "KlastName": "Howell",
        "userPrincipalName": "M384141980",
        "Kjob": "Chief Accounts Engineer",
        "hierarchy": "sunt/itaque/mollitia/Chief Accounts Engineer - Nikolas Howell",
        "sAMAccountName": "Karina_Hilpert93",
        "mail": "Karina_Hilpert93@rabiran.com"
    },
    {
        "KfirstName": "Violette",
        "guName": "Violette",
        "KlastName": "Koch",
        "userPrincipalName": "M292804711",
        "Kjob": "Customer Branding Supervisor",
        "hierarchy": "iure/nisi/ea/Customer Branding Supervisor - Violette Koch",
        "sAMAccountName": "Lilly67",
        "mail": "Lilly67@rabiran.com"
    },
    {
        "KfirstName": "Mavis",
        "guName": "Mavis",
        "KlastName": "Crona",
        "userPrincipalName": "M22411200",
        "Kjob": "Principal Creative Consultant",
        "hierarchy": "ea/sit/et/Principal Creative Consultant - Mavis Crona",
        "sAMAccountName": "Chesley54",
        "mail": "Chesley54@rabiran.com"
    },
    {
        "KfirstName": "Maudie",
        "guName": "Maudie",
        "KlastName": "Jacobi",
        "userPrincipalName": "M793511238",
        "Kjob": "Investor Paradigm Planner",
        "hierarchy": "sit/maiores/ratione/Investor Paradigm Planner - Maudie Jacobi",
        "sAMAccountName": "Elvis64",
        "mail": "Elvis64@rabiran.com"
    },
    {
        "KfirstName": "Monserrate",
        "guName": "Monserrate",
        "KlastName": "Leannon",
        "userPrincipalName": "M37908705",
        "Kjob": "Legacy Mobility Producer",
        "hierarchy": "unde/qui/dolor/Legacy Mobility Producer - Monserrate Leannon",
        "sAMAccountName": "Fae_Hoeger25",
        "mail": "Fae_Hoeger25@rabiran.com"
    },
    {
        "KfirstName": "Norma",
        "guName": "Norma",
        "KlastName": "Torphy",
        "userPrincipalName": "M968233275",
        "Kjob": "Dynamic Creative Developer",
        "hierarchy": "voluptatem/veniam/repellat/Dynamic Creative Developer - Norma Torphy",
        "sAMAccountName": "Myron.Wisoky",
        "mail": "Myron.Wisoky@rabiran.com"
    },
    {
        "KfirstName": "Candelario",
        "guName": "Candelario",
        "KlastName": "McGlynn",
        "userPrincipalName": "M214826554",
        "Kjob": "District Infrastructure Assistant",
        "hierarchy": "pariatur/quos/culpa/District Infrastructure Assistant - Candelario McGlynn",
        "sAMAccountName": "Theresa_Friesen86",
        "mail": "Theresa_Friesen86@rabiran.com"
    },
    {
        "KfirstName": "Camilla",
        "guName": "Camilla",
        "KlastName": "Murphy",
        "userPrincipalName": "M346297837",
        "Kjob": "Human Tactics Consultant",
        "hierarchy": "quidem/qui/illum/Human Tactics Consultant - Camilla Murphy",
        "sAMAccountName": "Tevin.Schultz80",
        "mail": "Tevin.Schultz80@rabiran.com"
    },
    {
        "KfirstName": "Neil",
        "guName": "Neil",
        "KlastName": "Hintz",
        "userPrincipalName": "M837888994",
        "Kjob": "Chief Implementation Supervisor",
        "hierarchy": "esse/quia/non/Chief Implementation Supervisor - Neil Hintz",
        "sAMAccountName": "Frances.Towne30",
        "mail": "Frances.Towne30@rabiran.com"
    },
    {
        "KfirstName": "Rosella",
        "guName": "Rosella",
        "KlastName": "Greenfelder",
        "userPrincipalName": "M206211684",
        "Kjob": "Internal Communications Analyst",
        "hierarchy": "et/pariatur/cumque/Internal Communications Analyst - Rosella Greenfelder",
        "sAMAccountName": "Dudley10",
        "mail": "Dudley10@rabiran.com"
    },
    {
        "KfirstName": "Aubree",
        "guName": "Aubree",
        "KlastName": "Hickle",
        "userPrincipalName": "M765571654",
        "Kjob": "Principal Metrics Agent",
        "hierarchy": "expedita/necessitatibus/qui/Principal Metrics Agent - Aubree Hickle",
        "sAMAccountName": "Marielle_Doyle19",
        "mail": "Marielle_Doyle19@rabiran.com"
    },
    {
        "KfirstName": "Norbert",
        "guName": "Norbert",
        "KlastName": "Douglas",
        "userPrincipalName": "M455150987",
        "Kjob": "Regional Communications Technician",
        "hierarchy": "qui/officiis/placeat/Regional Communications Technician - Norbert Douglas",
        "sAMAccountName": "Johanna51",
        "mail": "Johanna51@rabiran.com"
    },
    {
        "KfirstName": "Joany",
        "guName": "Joany",
        "KlastName": "Dare",
        "userPrincipalName": "M995232333",
        "Kjob": "Internal Web Planner",
        "hierarchy": "quidem/facilis/alias/Internal Web Planner - Joany Dare",
        "sAMAccountName": "Marjorie_Shanahan99",
        "mail": "Marjorie_Shanahan99@rabiran.com"
    },
    {
        "KfirstName": "Rodger",
        "guName": "Rodger",
        "KlastName": "Metz",
        "userPrincipalName": "M206977965",
        "Kjob": "Global Data Designer",
        "hierarchy": "est/est/nihil/Global Data Designer - Rodger Metz",
        "sAMAccountName": "Kristoffer.Ortiz",
        "mail": "Kristoffer.Ortiz@rabiran.com"
    },
    {
        "KfirstName": "Jacinthe",
        "guName": "Jacinthe",
        "KlastName": "Predovic",
        "userPrincipalName": "M421624161",
        "Kjob": "Global Intranet Strategist",
        "hierarchy": "ab/hic/dicta/Global Intranet Strategist - Jacinthe Predovic",
        "sAMAccountName": "Tracy43",
        "mail": "Tracy43@rabiran.com"
    },
    {
        "KfirstName": "Yadira",
        "guName": "Yadira",
        "KlastName": "Streich",
        "userPrincipalName": "M308122577",
        "Kjob": "Corporate Research Coordinator",
        "hierarchy": "itaque/consequuntur/accusamus/Corporate Research Coordinator - Yadira Streich",
        "sAMAccountName": "Lillie_Sanford",
        "mail": "Lillie_Sanford@rabiran.com"
    },
    {
        "KfirstName": "Yazmin",
        "guName": "Yazmin",
        "KlastName": "Deckow",
        "userPrincipalName": "M643947792",
        "Kjob": "International Infrastructure Architect",
        "hierarchy": "autem/ut/voluptas/International Infrastructure Architect - Yazmin Deckow",
        "sAMAccountName": "Mohammad_Runte47",
        "mail": "Mohammad_Runte47@rabiran.com"
    },
    {
        "KfirstName": "Lambert",
        "guName": "Lambert",
        "KlastName": "McClure",
        "userPrincipalName": "M678838714",
        "Kjob": "International Markets Strategist",
        "hierarchy": "enim/exercitationem/dolor/International Markets Strategist - Lambert McClure",
        "sAMAccountName": "Milton.Dibbert",
        "mail": "Milton.Dibbert@rabiran.com"
    },
    {
        "KfirstName": "Lionel",
        "guName": "Lionel",
        "KlastName": "Cartwright",
        "userPrincipalName": "M456724450",
        "Kjob": "Senior Functionality Architect",
        "hierarchy": "voluptatem/vel/eaque/Senior Functionality Architect - Lionel Cartwright",
        "sAMAccountName": "Jacey60",
        "mail": "Jacey60@rabiran.com"
    },
    {
        "KfirstName": "Myra",
        "guName": "Myra",
        "KlastName": "Collins",
        "userPrincipalName": "M345776390",
        "Kjob": "District Functionality Planner",
        "hierarchy": "accusantium/eveniet/alias/District Functionality Planner - Myra Collins",
        "sAMAccountName": "Carlee.Runolfsson20",
        "mail": "Carlee.Runolfsson20@rabiran.com"
    },
    {
        "KfirstName": "Casper",
        "guName": "Casper",
        "KlastName": "Hackett",
        "userPrincipalName": "M380934019",
        "Kjob": "Customer Communications Administrator",
        "hierarchy": "blanditiis/error/ipsam/Customer Communications Administrator - Casper Hackett",
        "sAMAccountName": "Clark19",
        "mail": "Clark19@rabiran.com"
    },
    {
        "KfirstName": "Maybelle",
        "guName": "Maybelle",
        "KlastName": "Mann",
        "userPrincipalName": "M87455914",
        "Kjob": "Direct Integration Specialist",
        "hierarchy": "voluptatibus/dolorum/nobis/Direct Integration Specialist - Maybelle Mann",
        "sAMAccountName": "Joanne_Toy80",
        "mail": "Joanne_Toy80@rabiran.com"
    },
    {
        "KfirstName": "Susana",
        "guName": "Susana",
        "KlastName": "Emmerich",
        "userPrincipalName": "M822082197",
        "Kjob": "Chief Integration Analyst",
        "hierarchy": "sed/labore/velit/Chief Integration Analyst - Susana Emmerich",
        "sAMAccountName": "Anibal21",
        "mail": "Anibal21@rabiran.com"
    },
    {
        "KfirstName": "Carmen",
        "guName": "Carmen",
        "KlastName": "Shanahan",
        "userPrincipalName": "M629935717",
        "Kjob": "National Quality Consultant",
        "hierarchy": "ut/odit/quas/National Quality Consultant - Carmen Shanahan",
        "sAMAccountName": "Dayna15",
        "mail": "Dayna15@rabiran.com"
    },
    {
        "KfirstName": "Jared",
        "guName": "Jared",
        "KlastName": "Zboncak",
        "userPrincipalName": "M925886923",
        "Kjob": "Future Division Director",
        "hierarchy": "molestias/consequuntur/et/Future Division Director - Jared Zboncak",
        "sAMAccountName": "Stacey.Labadie",
        "mail": "Stacey.Labadie@rabiran.com"
    },
    {
        "KfirstName": "Rodrigo",
        "guName": "Rodrigo",
        "KlastName": "Cartwright",
        "userPrincipalName": "M275288710",
        "Kjob": "Product Communications Facilitator",
        "hierarchy": "blanditiis/blanditiis/laboriosam/Product Communications Facilitator - Rodrigo Cartwright",
        "sAMAccountName": "Francesco56",
        "mail": "Francesco56@rabiran.com"
    },
    {
        "KfirstName": "Aniyah",
        "guName": "Aniyah",
        "KlastName": "Murazik",
        "userPrincipalName": "M989975404",
        "Kjob": "Investor Metrics Supervisor",
        "hierarchy": "cumque/voluptas/dolor/Investor Metrics Supervisor - Aniyah Murazik",
        "sAMAccountName": "Hollie_Senger",
        "mail": "Hollie_Senger@rabiran.com"
    },
    {
        "KfirstName": "Giovani",
        "guName": "Giovani",
        "KlastName": "Hessel",
        "userPrincipalName": "M135638101",
        "Kjob": "Future Applications Engineer",
        "hierarchy": "id/beatae/ea/Future Applications Engineer - Giovani Hessel",
        "sAMAccountName": "Sierra.Ruecker",
        "mail": "Sierra.Ruecker@rabiran.com"
    },
    {
        "KfirstName": "Esta",
        "guName": "Esta",
        "KlastName": "Ruecker",
        "userPrincipalName": "M341433566",
        "Kjob": "Human Intranet Orchestrator",
        "hierarchy": "odit/necessitatibus/ullam/Human Intranet Orchestrator - Esta Ruecker",
        "sAMAccountName": "Kiara45",
        "mail": "Kiara45@rabiran.com"
    },
    {
        "KfirstName": "Norberto",
        "guName": "Norberto",
        "KlastName": "Wolff",
        "userPrincipalName": "M195379437",
        "Kjob": "National Markets Engineer",
        "hierarchy": "quia/et/at/National Markets Engineer - Norberto Wolff",
        "sAMAccountName": "Ariel.Larson",
        "mail": "Ariel.Larson@rabiran.com"
    },
    {
        "KfirstName": "Frederick",
        "guName": "Frederick",
        "KlastName": "Stoltenberg",
        "userPrincipalName": "M373126051",
        "Kjob": "Lead Tactics Administrator",
        "hierarchy": "expedita/fugit/dolore/Lead Tactics Administrator - Frederick Stoltenberg",
        "sAMAccountName": "Wallace8",
        "mail": "Wallace8@rabiran.com"
    },
    {
        "KfirstName": "Jesus",
        "guName": "Jesus",
        "KlastName": "Cartwright",
        "userPrincipalName": "M295745736",
        "Kjob": "Principal Group Liaison",
        "hierarchy": "enim/libero/facere/Principal Group Liaison - Jesus Cartwright",
        "sAMAccountName": "Kasandra41",
        "mail": "Kasandra41@rabiran.com"
    },
    {
        "KfirstName": "Alberta",
        "guName": "Alberta",
        "KlastName": "Dooley",
        "userPrincipalName": "M29582180",
        "Kjob": "Product Program Architect",
        "hierarchy": "aliquid/modi/et/Product Program Architect - Alberta Dooley",
        "sAMAccountName": "Eula_Quitzon",
        "mail": "Eula_Quitzon@rabiran.com"
    },
    {
        "KfirstName": "Judy",
        "guName": "Judy",
        "KlastName": "Ortiz",
        "userPrincipalName": "M183555374",
        "Kjob": "Legacy Program Architect",
        "hierarchy": "enim/aperiam/vel/Legacy Program Architect - Judy Ortiz",
        "sAMAccountName": "Susan_Turner",
        "mail": "Susan_Turner@rabiran.com"
    },
    {
        "KfirstName": "Richard",
        "KlastName": "Hodkiewicz",
        "Kjob": "District Implementation Liaison",
        "userPrincipalName": "D242971331",
        "hierarchy": "eaque/vel/voluptatem/District Implementation Liaison - Richard Hodkiewicz",
        "sAMAccountName": "Berry_Macejkovic15",
        "mail": "Berry_Macejkovic15@rabiran.com"
    },
    {
        "KfirstName": "Hiram",
        "KlastName": "Wyman",
        "Kjob": "Dynamic Configuration Representative",
        "userPrincipalName": "D216950212",
        "hierarchy": "eius/cum/sequi/Dynamic Configuration Representative - Hiram Wyman",
        "sAMAccountName": "Genesis_Weber",
        "mail": "Genesis_Weber@rabiran.com"
    },
    {
        "KfirstName": "Shannon",
        "KlastName": "Hermann",
        "Kjob": "Investor Research Associate",
        "userPrincipalName": "D964331581",
        "hierarchy": "voluptate/aut/in/Investor Research Associate - Shannon Hermann",
        "sAMAccountName": "Camilla_Collins13",
        "mail": "Camilla_Collins13@rabiran.com"
    },
    {
        "KfirstName": "Wallace",
        "KlastName": "Nitzsche",
        "Kjob": "National Applications Manager",
        "userPrincipalName": "D746222488",
        "hierarchy": "recusandae/natus/voluptatem/National Applications Manager - Wallace Nitzsche",
        "sAMAccountName": "Weldon_McCullough",
        "mail": "Weldon_McCullough@rabiran.com"
    },
    {
        "KfirstName": "Carmen",
        "KlastName": "Adams",
        "Kjob": "Central Brand Officer",
        "userPrincipalName": "D862321254",
        "hierarchy": "voluptatem/aliquid/quia/Central Brand Officer - Carmen Adams",
        "sAMAccountName": "Colt57",
        "mail": "Colt57@rabiran.com"
    },
    {
        "KfirstName": "Keagan",
        "KlastName": "Kunze",
        "Kjob": "Chief Assurance Technician",
        "userPrincipalName": "D842184871",
        "hierarchy": "quod/accusamus/sint/Chief Assurance Technician - Keagan Kunze",
        "sAMAccountName": "Camron.Hauck1",
        "mail": "Camron.Hauck1@rabiran.com"
    },
    {
        "KfirstName": "Larissa",
        "KlastName": "Sporer",
        "Kjob": "Senior Response Analyst",
        "userPrincipalName": "D644750671",
        "hierarchy": "autem/pariatur/in/Senior Response Analyst - Larissa Sporer",
        "sAMAccountName": "Estel55",
        "mail": "Estel55@rabiran.com"
    },
    {
        "KfirstName": "Luz",
        "KlastName": "Nikolaus",
        "Kjob": "Corporate Implementation Manager",
        "userPrincipalName": "D392367140",
        "hierarchy": "autem/magni/nesciunt/Corporate Implementation Manager - Luz Nikolaus",
        "sAMAccountName": "Vernon_Hackett84",
        "mail": "Vernon_Hackett84@rabiran.com"
    },
    {
        "KfirstName": "Thaddeus",
        "KlastName": "Kreiger",
        "Kjob": "Dynamic Response Supervisor",
        "userPrincipalName": "D309085942",
        "hierarchy": "neque/maxime/est/Dynamic Response Supervisor - Thaddeus Kreiger",
        "sAMAccountName": "Jarod_Lehner",
        "mail": "Jarod_Lehner@rabiran.com"
    },
    {
        "KfirstName": "Augustine",
        "KlastName": "Heathcote",
        "Kjob": "Dynamic Group Supervisor",
        "userPrincipalName": "D455041145",
        "hierarchy": "quia/fuga/maiores/Dynamic Group Supervisor - Augustine Heathcote",
        "sAMAccountName": "Greta61",
        "mail": "Greta61@rabiran.com"
    },
    {
        "KfirstName": "Julien",
        "KlastName": "Vandervort",
        "Kjob": "Product Division Strategist",
        "userPrincipalName": "D128599024",
        "hierarchy": "iure/vel/non/Product Division Strategist - Julien Vandervort",
        "sAMAccountName": "Jaquan33",
        "mail": "Jaquan33@rabiran.com"
    },
    {
        "KfirstName": "Rosalyn",
        "KlastName": "Sporer",
        "Kjob": "Human Intranet Manager",
        "userPrincipalName": "D294293477",
        "hierarchy": "soluta/placeat/occaecati/Human Intranet Manager - Rosalyn Sporer",
        "sAMAccountName": "Erica_Sipes81",
        "mail": "Erica_Sipes81@rabiran.com"
    },
    {
        "KfirstName": "Tatum",
        "KlastName": "Wisozk",
        "Kjob": "Investor Assurance Associate",
        "userPrincipalName": "D503057572",
        "hierarchy": "reiciendis/veritatis/in/Investor Assurance Associate - Tatum Wisozk",
        "sAMAccountName": "Hilbert_Reynolds",
        "mail": "Hilbert_Reynolds@rabiran.com"
    },
    {
        "KfirstName": "Adella",
        "KlastName": "Moen",
        "Kjob": "Future Marketing Representative",
        "userPrincipalName": "D610229627",
        "hierarchy": "quisquam/fuga/et/Future Marketing Representative - Adella Moen",
        "sAMAccountName": "Rodrick58",
        "mail": "Rodrick58@rabiran.com"
    },
    {
        "KfirstName": "Wilmer",
        "KlastName": "Adams",
        "Kjob": "Human Intranet Engineer",
        "userPrincipalName": "D793345018",
        "hierarchy": "error/sapiente/nemo/Human Intranet Engineer - Wilmer Adams",
        "sAMAccountName": "Emmet.VonRueden",
        "mail": "Emmet.VonRueden@rabiran.com"
    },
    {
        "KfirstName": "Ramiro",
        "KlastName": "Dibbert",
        "Kjob": "Investor Optimization Engineer",
        "userPrincipalName": "D904300712",
        "hierarchy": "ipsam/vel/ea/Investor Optimization Engineer - Ramiro Dibbert",
        "sAMAccountName": "Suzanne82",
        "mail": "Suzanne82@rabiran.com"
    },
    {
        "KfirstName": "Katlynn",
        "KlastName": "Ortiz",
        "Kjob": "Direct Marketing Manager",
        "userPrincipalName": "D976088070",
        "hierarchy": "quos/at/doloremque/Direct Marketing Manager - Katlynn Ortiz",
        "sAMAccountName": "Anita_Farrell6",
        "mail": "Anita_Farrell6@rabiran.com"
    },
    {
        "KfirstName": "Kyla",
        "KlastName": "Koch",
        "Kjob": "District Quality Designer",
        "userPrincipalName": "D616412573",
        "hierarchy": "ea/esse/sint/District Quality Designer - Kyla Koch",
        "sAMAccountName": "Hosea_Schumm",
        "mail": "Hosea_Schumm@rabiran.com"
    },
    {
        "KfirstName": "Preston",
        "KlastName": "Schaefer",
        "Kjob": "Senior Solutions Supervisor",
        "userPrincipalName": "D621681790",
        "hierarchy": "sint/dolorem/delectus/Senior Solutions Supervisor - Preston Schaefer",
        "sAMAccountName": "Alec_Ward",
        "mail": "Alec_Ward@rabiran.com"
    },
    {
        "KfirstName": "Ricky",
        "KlastName": "Boehm",
        "Kjob": "Future Branding Administrator",
        "userPrincipalName": "D454806217",
        "hierarchy": "et/ut/et/Future Branding Administrator - Ricky Boehm",
        "sAMAccountName": "Darrick35",
        "mail": "Darrick35@rabiran.com"
    },
    {
        "KfirstName": "Allen",
        "KlastName": "Kuphal",
        "Kjob": "Human Applications Designer",
        "userPrincipalName": "D671319812",
        "hierarchy": "quia/est/quasi/Human Applications Designer - Allen Kuphal",
        "sAMAccountName": "Emmie_Wehner",
        "mail": "Emmie_Wehner@rabiran.com"
    },
    {
        "KfirstName": "Murray",
        "KlastName": "Morissette",
        "Kjob": "Global Communications Facilitator",
        "userPrincipalName": "D819907460",
        "hierarchy": "magni/suscipit/itaque/Global Communications Facilitator - Murray Morissette",
        "sAMAccountName": "Belle.Collins46",
        "mail": "Belle.Collins46@rabiran.com"
    },
    {
        "KfirstName": "Lisa",
        "KlastName": "Fahey",
        "Kjob": "Lead Intranet Strategist",
        "userPrincipalName": "D473696243",
        "hierarchy": "nihil/incidunt/ex/Lead Intranet Strategist - Lisa Fahey",
        "sAMAccountName": "Arno_Welch",
        "mail": "Arno_Welch@rabiran.com"
    },
    {
        "KfirstName": "Cale",
        "KlastName": "Bins",
        "Kjob": "Future Creative Designer",
        "userPrincipalName": "D244082863",
        "hierarchy": "harum/doloribus/occaecati/Future Creative Designer - Cale Bins",
        "sAMAccountName": "Verla45",
        "mail": "Verla45@rabiran.com"
    },
    {
        "KfirstName": "Abe",
        "KlastName": "Balistreri",
        "Kjob": "Forward Operations Architect",
        "userPrincipalName": "D536430374",
        "hierarchy": "iste/dolorem/atque/Forward Operations Architect - Abe Balistreri",
        "sAMAccountName": "Clement.Rosenbaum",
        "mail": "Clement.Rosenbaum@rabiran.com"
    },
    {
        "KfirstName": "America",
        "KlastName": "Labadie",
        "Kjob": "Product Intranet Facilitator",
        "userPrincipalName": "D902056506",
        "hierarchy": "accusantium/voluptatem/ut/Product Intranet Facilitator - America Labadie",
        "sAMAccountName": "Winston.Beatty",
        "mail": "Winston.Beatty@rabiran.com"
    },
    {
        "KfirstName": "Adolph",
        "KlastName": "Stamm",
        "Kjob": "Internal Usability Orchestrator",
        "userPrincipalName": "D605823251",
        "hierarchy": "ut/eum/natus/Internal Usability Orchestrator - Adolph Stamm",
        "sAMAccountName": "Felton_Nicolas",
        "mail": "Felton_Nicolas@rabiran.com"
    },
    {
        "KfirstName": "Noemi",
        "KlastName": "Reilly",
        "Kjob": "Forward Branding Producer",
        "userPrincipalName": "D376960753",
        "hierarchy": "velit/qui/quo/Forward Branding Producer - Noemi Reilly",
        "sAMAccountName": "Trever_Hickle",
        "mail": "Trever_Hickle@rabiran.com"
    },
    {
        "KfirstName": "Raegan",
        "KlastName": "Kling",
        "Kjob": "Corporate Applications Specialist",
        "userPrincipalName": "D158462093",
        "hierarchy": "voluptas/unde/nihil/Corporate Applications Specialist - Raegan Kling",
        "sAMAccountName": "Cortez79",
        "mail": "Cortez79@rabiran.com"
    },
    {
        "KfirstName": "Aglae",
        "KlastName": "Bernier",
        "Kjob": "Human Intranet Liaison",
        "userPrincipalName": "D635548688",
        "hierarchy": "pariatur/similique/est/Human Intranet Liaison - Aglae Bernier",
        "sAMAccountName": "Laurine25",
        "mail": "Laurine25@rabiran.com"
    },
    {
        "KfirstName": "Jettie",
        "KlastName": "Mann",
        "Kjob": "Central Accountability Director",
        "userPrincipalName": "D177614203",
        "hierarchy": "suscipit/corporis/illo/Central Accountability Director - Jettie Mann",
        "sAMAccountName": "Felicia37",
        "mail": "Felicia37@rabiran.com"
    },
    {
        "KfirstName": "Marc",
        "KlastName": "Goldner",
        "Kjob": "Legacy Solutions Specialist",
        "userPrincipalName": "D396292328",
        "hierarchy": "sunt/magnam/est/Legacy Solutions Specialist - Marc Goldner",
        "sAMAccountName": "Herbert26",
        "mail": "Herbert26@rabiran.com"
    },
    {
        "KfirstName": "Dewitt",
        "KlastName": "Schinner",
        "Kjob": "Regional Group Supervisor",
        "userPrincipalName": "D362752586",
        "hierarchy": "labore/sint/et/Regional Group Supervisor - Dewitt Schinner",
        "sAMAccountName": "Milo.McCullough99",
        "mail": "Milo.McCullough99@rabiran.com"
    },
    {
        "KfirstName": "Braden",
        "KlastName": "Kuphal",
        "Kjob": "Principal Factors Designer",
        "userPrincipalName": "D230424988",
        "hierarchy": "quas/assumenda/beatae/Principal Factors Designer - Braden Kuphal",
        "sAMAccountName": "Mary_Ebert54",
        "mail": "Mary_Ebert54@rabiran.com"
    },
    {
        "KfirstName": "Deanna",
        "KlastName": "Denesik",
        "Kjob": "Corporate Metrics Manager",
        "userPrincipalName": "D687438200",
        "hierarchy": "odit/eius/tempora/Corporate Metrics Manager - Deanna Denesik",
        "sAMAccountName": "Caesar_Lueilwitz29",
        "mail": "Caesar_Lueilwitz29@rabiran.com"
    },
    {
        "KfirstName": "Darius",
        "KlastName": "Littel",
        "Kjob": "Human Configuration Associate",
        "userPrincipalName": "D216411082",
        "hierarchy": "et/rerum/minima/Human Configuration Associate - Darius Littel",
        "sAMAccountName": "Esmeralda_Wehner44",
        "mail": "Esmeralda_Wehner44@rabiran.com"
    },
    {
        "KfirstName": "Dexter",
        "KlastName": "Hane",
        "Kjob": "Product Usability Associate",
        "userPrincipalName": "D700866312",
        "hierarchy": "autem/labore/ratione/Product Usability Associate - Dexter Hane",
        "sAMAccountName": "Terrence.Keebler",
        "mail": "Terrence.Keebler@rabiran.com"
    },
    {
        "KfirstName": "Myra",
        "KlastName": "Carter",
        "Kjob": "National Accounts Supervisor",
        "userPrincipalName": "D204008650",
        "hierarchy": "maiores/qui/deserunt/National Accounts Supervisor - Myra Carter",
        "sAMAccountName": "Randi.Raynor19",
        "mail": "Randi.Raynor19@rabiran.com"
    },
    {
        "KfirstName": "Trudie",
        "KlastName": "Bosco",
        "Kjob": "Human Quality Specialist",
        "userPrincipalName": "D670467521",
        "hierarchy": "vel/molestiae/enim/Human Quality Specialist - Trudie Bosco",
        "sAMAccountName": "Giles97",
        "mail": "Giles97@rabiran.com"
    },
    {
        "KfirstName": "Myron",
        "KlastName": "Koch",
        "Kjob": "Central Assurance Agent",
        "userPrincipalName": "D483099917",
        "hierarchy": "maxime/et/ut/Central Assurance Agent - Myron Koch",
        "sAMAccountName": "Samir.Abernathy86",
        "mail": "Samir.Abernathy86@rabiran.com"
    },
    {
        "KfirstName": "Afton",
        "KlastName": "Erdman",
        "Kjob": "Direct Integration Analyst",
        "userPrincipalName": "D419968227",
        "hierarchy": "perspiciatis/beatae/voluptatem/Direct Integration Analyst - Afton Erdman",
        "sAMAccountName": "Andres4",
        "mail": "Andres4@rabiran.com"
    },
    {
        "KfirstName": "Giovanni",
        "KlastName": "Sauer",
        "Kjob": "Internal Research Assistant",
        "userPrincipalName": "D339686495",
        "hierarchy": "minima/asperiores/provident/Internal Research Assistant - Giovanni Sauer",
        "sAMAccountName": "Korbin43",
        "mail": "Korbin43@rabiran.com"
    },
    {
        "KfirstName": "Shane",
        "KlastName": "Kreiger",
        "Kjob": "Principal Communications Specialist",
        "userPrincipalName": "D947814026",
        "hierarchy": "modi/est/est/Principal Communications Specialist - Shane Kreiger",
        "sAMAccountName": "Olaf_Hilll74",
        "mail": "Olaf_Hilll74@rabiran.com"
    },
    {
        "KfirstName": "Hilton",
        "KlastName": "Hamill",
        "Kjob": "Chief Implementation Associate",
        "userPrincipalName": "D957596042",
        "hierarchy": "est/et/doloremque/Chief Implementation Associate - Hilton Hamill",
        "sAMAccountName": "Avery.Walker76",
        "mail": "Avery.Walker76@rabiran.com"
    },
    {
        "KfirstName": "Hilton",
        "KlastName": "Pfeffer",
        "Kjob": "Global Accounts Architect",
        "userPrincipalName": "D750456741",
        "hierarchy": "non/ut/consequatur/Global Accounts Architect - Hilton Pfeffer",
        "sAMAccountName": "Jerel_Kunde",
        "mail": "Jerel_Kunde@rabiran.com"
    },
    {
        "KfirstName": "Zoila",
        "KlastName": "Gerhold",
        "Kjob": "Principal Research Orchestrator",
        "userPrincipalName": "D542448253",
        "hierarchy": "cupiditate/tenetur/porro/Principal Research Orchestrator - Zoila Gerhold",
        "sAMAccountName": "Neha20",
        "mail": "Neha20@rabiran.com"
    },
    {
        "KfirstName": "Tracey",
        "KlastName": "Kihn",
        "Kjob": "Global Integration Consultant",
        "userPrincipalName": "D879376432",
        "hierarchy": "sed/magni/cumque/Global Integration Consultant - Tracey Kihn",
        "sAMAccountName": "Haylie61",
        "mail": "Haylie61@rabiran.com"
    },
    {
        "KfirstName": "Cali",
        "KlastName": "Deckow",
        "Kjob": "Forward Group Strategist",
        "userPrincipalName": "D500392600",
        "hierarchy": "voluptate/error/voluptatem/Forward Group Strategist - Cali Deckow",
        "sAMAccountName": "Adalberto.Murazik",
        "mail": "Adalberto.Murazik@rabiran.com"
    },
    {
        "KfirstName": "Israel",
        "KlastName": "Cruickshank",
        "Kjob": "Dynamic Creative Engineer",
        "userPrincipalName": "D607416948",
        "hierarchy": "sunt/nostrum/sunt/Dynamic Creative Engineer - Israel Cruickshank",
        "sAMAccountName": "Gayle.Cronin90",
        "mail": "Gayle.Cronin90@rabiran.com"
    },
    {
        "KfirstName": "Armando",
        "KlastName": "Tremblay",
        "Kjob": "Customer Applications Specialist",
        "userPrincipalName": "D891600447",
        "hierarchy": "doloremque/distinctio/ut/Customer Applications Specialist - Armando Tremblay",
        "sAMAccountName": "Juston67",
        "mail": "Juston67@rabiran.com"
    },
    {
        "KfirstName": "Ubaldo",
        "KlastName": "Fahey",
        "Kjob": "Regional Usability Administrator",
        "userPrincipalName": "D580176709",
        "hierarchy": "modi/quis/aliquam/Regional Usability Administrator - Ubaldo Fahey",
        "sAMAccountName": "Amara_McDermott",
        "mail": "Amara_McDermott@rabiran.com"
    },
    {
        "KfirstName": "Araceli",
        "KlastName": "Marvin",
        "Kjob": "Global Creative Engineer",
        "userPrincipalName": "D874108152",
        "hierarchy": "sed/dolores/iste/Global Creative Engineer - Araceli Marvin",
        "sAMAccountName": "Bailey_Macejkovic55",
        "mail": "Bailey_Macejkovic55@rabiran.com"
    },
    {
        "KfirstName": "Eloisa",
        "KlastName": "Ryan",
        "Kjob": "Global Quality Representative",
        "userPrincipalName": "D734113988",
        "hierarchy": "velit/ratione/tempore/Global Quality Representative - Eloisa Ryan",
        "sAMAccountName": "Frederik.Ritchie97",
        "mail": "Frederik.Ritchie97@rabiran.com"
    },
    {
        "KfirstName": "Karine",
        "KlastName": "Ankunding",
        "Kjob": "International Markets Supervisor",
        "userPrincipalName": "D795348267",
        "hierarchy": "ratione/modi/aperiam/International Markets Supervisor - Karine Ankunding",
        "sAMAccountName": "Monty.Gulgowski85",
        "mail": "Monty.Gulgowski85@rabiran.com"
    },
    {
        "KfirstName": "Quincy",
        "KlastName": "Thiel",
        "Kjob": "Global Usability Manager",
        "userPrincipalName": "D944129832",
        "hierarchy": "neque/qui/accusamus/Global Usability Manager - Quincy Thiel",
        "sAMAccountName": "Edward53",
        "mail": "Edward53@rabiran.com"
    },
    {
        "KfirstName": "Lambert",
        "KlastName": "Koelpin",
        "Kjob": "Corporate Mobility Coordinator",
        "userPrincipalName": "D612192740",
        "hierarchy": "nemo/nisi/corrupti/Corporate Mobility Coordinator - Lambert Koelpin",
        "sAMAccountName": "Jodie50",
        "mail": "Jodie50@rabiran.com"
    },
    {
        "KfirstName": "Terrence",
        "KlastName": "Becker",
        "Kjob": "Corporate Metrics Agent",
        "userPrincipalName": "D175280528",
        "hierarchy": "et/quasi/quam/Corporate Metrics Agent - Terrence Becker",
        "sAMAccountName": "Aisha_Boehm",
        "mail": "Aisha_Boehm@rabiran.com"
    },
    {
        "KfirstName": "Andre",
        "KlastName": "Corkery",
        "Kjob": "Principal Paradigm Liaison",
        "userPrincipalName": "D747159143",
        "hierarchy": "dolores/molestias/consectetur/Principal Paradigm Liaison - Andre Corkery",
        "sAMAccountName": "Kellie11",
        "mail": "Kellie11@rabiran.com"
    },
    {
        "KfirstName": "Liam",
        "KlastName": "Langosh",
        "Kjob": "Central Quality Liaison",
        "userPrincipalName": "D665862371",
        "hierarchy": "dolor/libero/illo/Central Quality Liaison - Liam Langosh",
        "sAMAccountName": "Sigurd65",
        "mail": "Sigurd65@rabiran.com"
    },
    {
        "KfirstName": "Penelope",
        "KlastName": "Kirlin",
        "Kjob": "Dynamic Division Liaison",
        "userPrincipalName": "D564950426",
        "hierarchy": "voluptatem/quos/ea/Dynamic Division Liaison - Penelope Kirlin",
        "sAMAccountName": "Roberto_Langworth71",
        "mail": "Roberto_Langworth71@rabiran.com"
    },
    {
        "KfirstName": "Icie",
        "KlastName": "Rath",
        "Kjob": "Direct Communications Coordinator",
        "userPrincipalName": "D271778250",
        "hierarchy": "sed/dignissimos/vitae/Direct Communications Coordinator - Icie Rath",
        "sAMAccountName": "Kendall_Paucek44",
        "mail": "Kendall_Paucek44@rabiran.com"
    },
    {
        "KfirstName": "Jaquan",
        "KlastName": "Mohr",
        "Kjob": "Customer Markets Assistant",
        "userPrincipalName": "D779488816",
        "hierarchy": "quia/voluptatem/cumque/Customer Markets Assistant - Jaquan Mohr",
        "sAMAccountName": "Easton_Krajcik",
        "mail": "Easton_Krajcik@rabiran.com"
    },
    {
        "KfirstName": "Carrie",
        "KlastName": "Hilll",
        "Kjob": "Legacy Mobility Manager",
        "userPrincipalName": "D245053954",
        "hierarchy": "velit/iste/vel/Legacy Mobility Manager - Carrie Hilll",
        "sAMAccountName": "Terrill9",
        "mail": "Terrill9@rabiran.com"
    },
    {
        "KfirstName": "Kaylin",
        "KlastName": "Flatley",
        "Kjob": "Legacy Optimization Planner",
        "userPrincipalName": "D814642583",
        "hierarchy": "tempora/sequi/modi/Legacy Optimization Planner - Kaylin Flatley",
        "sAMAccountName": "Ewald.Daniel23",
        "mail": "Ewald.Daniel23@rabiran.com"
    },
    {
        "KfirstName": "Eveline",
        "KlastName": "Yost",
        "Kjob": "Dynamic Data Agent",
        "userPrincipalName": "D692857964",
        "hierarchy": "sit/expedita/vero/Dynamic Data Agent - Eveline Yost",
        "sAMAccountName": "Perry.Kemmer21",
        "mail": "Perry.Kemmer21@rabiran.com"
    },
    {
        "KfirstName": "Ellen",
        "KlastName": "Hilpert",
        "Kjob": "Chief Data Officer",
        "userPrincipalName": "D721594117",
        "hierarchy": "vel/consequatur/veritatis/Chief Data Officer - Ellen Hilpert",
        "sAMAccountName": "Ronaldo.Graham99",
        "mail": "Ronaldo.Graham99@rabiran.com"
    },
    {
        "KfirstName": "Murl",
        "KlastName": "Green",
        "Kjob": "Chief Creative Producer",
        "userPrincipalName": "D197696362",
        "hierarchy": "et/maxime/quos/Chief Creative Producer - Murl Green",
        "sAMAccountName": "Neal19",
        "mail": "Neal19@rabiran.com"
    },
    {
        "KfirstName": "Esteban",
        "KlastName": "Williamson",
        "Kjob": "District Quality Consultant",
        "userPrincipalName": "D614360675",
        "hierarchy": "qui/illo/maiores/District Quality Consultant - Esteban Williamson",
        "sAMAccountName": "Keeley90",
        "mail": "Keeley90@rabiran.com"
    },
    {
        "KfirstName": "Autumn",
        "KlastName": "Barrows",
        "Kjob": "Chief Accountability Manager",
        "userPrincipalName": "D954781845",
        "hierarchy": "doloribus/aut/voluptatem/Chief Accountability Manager - Autumn Barrows",
        "sAMAccountName": "Darrel_Howell14",
        "mail": "Darrel_Howell14@rabiran.com"
    },
    {
        "KfirstName": "Guillermo",
        "KlastName": "Cassin",
        "Kjob": "Legacy Branding Consultant",
        "userPrincipalName": "D308929629",
        "hierarchy": "esse/qui/repellat/Legacy Branding Consultant - Guillermo Cassin",
        "sAMAccountName": "Bianka.Shields90",
        "mail": "Bianka.Shields90@rabiran.com"
    },
    {
        "KfirstName": "Minnie",
        "KlastName": "Jenkins",
        "Kjob": "Future Creative Specialist",
        "userPrincipalName": "D565863644",
        "hierarchy": "voluptas/possimus/eos/Future Creative Specialist - Minnie Jenkins",
        "sAMAccountName": "Cora_Kihn",
        "mail": "Cora_Kihn@rabiran.com"
    },
    {
        "KfirstName": "Giovani",
        "KlastName": "Blick",
        "Kjob": "Regional Optimization Director",
        "userPrincipalName": "D436181556",
        "hierarchy": "possimus/pariatur/et/Regional Optimization Director - Giovani Blick",
        "sAMAccountName": "Raquel_Christiansen",
        "mail": "Raquel_Christiansen@rabiran.com"
    },
    {
        "KfirstName": "Tabitha",
        "KlastName": "Bruen",
        "Kjob": "Investor Program Facilitator",
        "userPrincipalName": "D601333966",
        "hierarchy": "dolorem/voluptas/sunt/Investor Program Facilitator - Tabitha Bruen",
        "sAMAccountName": "Carleton.Satterfield76",
        "mail": "Carleton.Satterfield76@rabiran.com"
    },
    {
        "KfirstName": "Mia",
        "KlastName": "Thompson",
        "Kjob": "Lead Implementation Developer",
        "userPrincipalName": "D799350004",
        "hierarchy": "consequatur/quod/qui/Lead Implementation Developer - Mia Thompson",
        "sAMAccountName": "Mohammad82",
        "mail": "Mohammad82@rabiran.com"
    },
    {
        "KfirstName": "Irving",
        "KlastName": "Thiel",
        "Kjob": "Product Markets Planner",
        "userPrincipalName": "D558976890",
        "hierarchy": "saepe/quia/consequatur/Product Markets Planner - Irving Thiel",
        "sAMAccountName": "Isabel_Wilkinson63",
        "mail": "Isabel_Wilkinson63@rabiran.com"
    },
    {
        "KfirstName": "Cassandra",
        "KlastName": "Brakus",
        "Kjob": "Central Applications Developer",
        "userPrincipalName": "D879141448",
        "hierarchy": "ullam/aut/commodi/Central Applications Developer - Cassandra Brakus",
        "sAMAccountName": "Stanley_Nikolaus",
        "mail": "Stanley_Nikolaus@rabiran.com"
    },
    {
        "KfirstName": "Gideon",
        "KlastName": "Leffler",
        "Kjob": "Human Brand Planner",
        "userPrincipalName": "D305205171",
        "hierarchy": "ut/quia/ut/Human Brand Planner - Gideon Leffler",
        "sAMAccountName": "Rowland77",
        "mail": "Rowland77@rabiran.com"
    },
    {
        "KfirstName": "Lela",
        "KlastName": "Skiles",
        "Kjob": "International Interactions Administrator",
        "userPrincipalName": "D567606116",
        "hierarchy": "omnis/ut/dicta/International Interactions Administrator - Lela Skiles",
        "sAMAccountName": "Rahsaan.Zemlak",
        "mail": "Rahsaan.Zemlak@rabiran.com"
    },
    {
        "KfirstName": "Brittany",
        "KlastName": "Harvey",
        "Kjob": "National Program Director",
        "userPrincipalName": "D888629805",
        "hierarchy": "velit/est/aliquam/National Program Director - Brittany Harvey",
        "sAMAccountName": "Lemuel69",
        "mail": "Lemuel69@rabiran.com"
    },
    {
        "KfirstName": "Clinton",
        "KlastName": "Olson",
        "Kjob": "Regional Integration Agent",
        "userPrincipalName": "D198589574",
        "hierarchy": "ad/qui/libero/Regional Integration Agent - Clinton Olson",
        "sAMAccountName": "Annamae.Johnston",
        "mail": "Annamae.Johnston@rabiran.com"
    },
    {
        "KfirstName": "Jessie",
        "KlastName": "Bartoletti",
        "Kjob": "Regional Identity Supervisor",
        "userPrincipalName": "D883185183",
        "hierarchy": "blanditiis/recusandae/voluptate/Regional Identity Supervisor - Jessie Bartoletti",
        "sAMAccountName": "Concepcion48",
        "mail": "Concepcion48@rabiran.com"
    },
    {
        "KfirstName": "Ocie",
        "KlastName": "Lang",
        "Kjob": "Lead Mobility Officer",
        "userPrincipalName": "D976104562",
        "hierarchy": "maxime/rerum/illo/Lead Mobility Officer - Ocie Lang",
        "sAMAccountName": "Veda.Kozey",
        "mail": "Veda.Kozey@rabiran.com"
    },
    {
        "KfirstName": "Kari",
        "KlastName": "Swaniawski",
        "Kjob": "District Response Consultant",
        "userPrincipalName": "D922788468",
        "hierarchy": "voluptatibus/id/vitae/District Response Consultant - Kari Swaniawski",
        "sAMAccountName": "Marilyne0",
        "mail": "Marilyne0@rabiran.com"
    },
    {
        "KfirstName": "Bailey",
        "KlastName": "Cassin",
        "Kjob": "Regional Functionality Representative",
        "userPrincipalName": "D266352988",
        "hierarchy": "non/rerum/ex/Regional Functionality Representative - Bailey Cassin",
        "sAMAccountName": "Keagan65",
        "mail": "Keagan65@rabiran.com"
    },
    {
        "KfirstName": "Jennifer",
        "KlastName": "Rippin",
        "Kjob": "Direct Integration Specialist",
        "userPrincipalName": "D218998904",
        "hierarchy": "a/officiis/nobis/Direct Integration Specialist - Jennifer Rippin",
        "sAMAccountName": "Kaelyn0",
        "mail": "Kaelyn0@rabiran.com"
    },
    {
        "KfirstName": "Andres",
        "KlastName": "Prosacco",
        "Kjob": "National Integration Coordinator",
        "userPrincipalName": "D300691516",
        "hierarchy": "neque/eaque/et/National Integration Coordinator - Andres Prosacco",
        "sAMAccountName": "Claudia_Bernhard48",
        "mail": "Claudia_Bernhard48@rabiran.com"
    },
    {
        "KfirstName": "Wilfrid",
        "KlastName": "Friesen",
        "Kjob": "Dynamic Response Liaison",
        "userPrincipalName": "D452455348",
        "hierarchy": "beatae/ea/voluptatum/Dynamic Response Liaison - Wilfrid Friesen",
        "sAMAccountName": "Paige.Corwin",
        "mail": "Paige.Corwin@rabiran.com"
    },
    {
        "KfirstName": "Larry",
        "KlastName": "Anderson",
        "Kjob": "Central Paradigm Technician",
        "userPrincipalName": "D786084319",
        "hierarchy": "dolorum/qui/repellat/Central Paradigm Technician - Larry Anderson",
        "sAMAccountName": "Stanton19",
        "mail": "Stanton19@rabiran.com"
    },
    {
        "KfirstName": "Arno",
        "KlastName": "Heidenreich",
        "Kjob": "Investor Solutions Officer",
        "userPrincipalName": "D958388225",
        "hierarchy": "atque/consequuntur/consectetur/Investor Solutions Officer - Arno Heidenreich",
        "sAMAccountName": "Frederique_Brakus",
        "mail": "Frederique_Brakus@rabiran.com"
    },
    {
        "KfirstName": "Hunter",
        "KlastName": "Volkman",
        "Kjob": "Global Communications Orchestrator",
        "userPrincipalName": "D392263646",
        "hierarchy": "odio/in/maxime/Global Communications Orchestrator - Hunter Volkman",
        "sAMAccountName": "Estell.Reinger",
        "mail": "Estell.Reinger@rabiran.com"
    },
    {
        "KfirstName": "Camilla",
        "KlastName": "Champlin",
        "Kjob": "Corporate Interactions Agent",
        "userPrincipalName": "D631820610",
        "hierarchy": "non/alias/harum/Corporate Interactions Agent - Camilla Champlin",
        "sAMAccountName": "Aylin.Hammes",
        "mail": "Aylin.Hammes@rabiran.com"
    },
    {
        "KfirstName": "Bud",
        "KlastName": "Quitzon",
        "Kjob": "District Tactics Orchestrator",
        "userPrincipalName": "D676571235",
        "hierarchy": "eius/non/commodi/District Tactics Orchestrator - Bud Quitzon",
        "sAMAccountName": "Blaze57",
        "mail": "Blaze57@rabiran.com"
    },
    {
        "KfirstName": "Maxwell",
        "KlastName": "Ankunding",
        "Kjob": "Legacy Interactions Analyst",
        "userPrincipalName": "D790046825",
        "hierarchy": "minus/dolores/cupiditate/Legacy Interactions Analyst - Maxwell Ankunding",
        "sAMAccountName": "Alvera_Collier",
        "mail": "Alvera_Collier@rabiran.com"
    },
    {
        "KfirstName": "Freddy",
        "KlastName": "Rogahn",
        "Kjob": "National Applications Orchestrator",
        "userPrincipalName": "D981909468",
        "hierarchy": "quidem/laboriosam/veritatis/National Applications Orchestrator - Freddy Rogahn",
        "sAMAccountName": "Juana.Skiles",
        "mail": "Juana.Skiles@rabiran.com"
    },
    {
        "KfirstName": "Lolita",
        "KlastName": "Rempel",
        "Kjob": "District Group Officer",
        "userPrincipalName": "D492701040",
        "hierarchy": "ut/nobis/dolores/District Group Officer - Lolita Rempel",
        "sAMAccountName": "Gabrielle95",
        "mail": "Gabrielle95@rabiran.com"
    },
    {
        "KfirstName": "Obie",
        "KlastName": "King",
        "Kjob": "Forward Infrastructure Facilitator",
        "userPrincipalName": "D697285187",
        "hierarchy": "consequatur/et/necessitatibus/Forward Infrastructure Facilitator - Obie King",
        "sAMAccountName": "Trycia.Schneider1",
        "mail": "Trycia.Schneider1@rabiran.com"
    },
    {
        "KfirstName": "Pascale",
        "KlastName": "Christiansen",
        "Kjob": "Legacy Markets Agent",
        "userPrincipalName": "D887576957",
        "hierarchy": "quae/voluptas/cum/Legacy Markets Agent - Pascale Christiansen",
        "sAMAccountName": "Mackenzie_Donnelly",
        "mail": "Mackenzie_Donnelly@rabiran.com"
    },
    {
        "KfirstName": "Jean",
        "KlastName": "McLaughlin",
        "Kjob": "Customer Implementation Orchestrator",
        "userPrincipalName": "D929271799",
        "hierarchy": "enim/voluptatem/animi/Customer Implementation Orchestrator - Jean McLaughlin",
        "sAMAccountName": "Clair_Lind86",
        "mail": "Clair_Lind86@rabiran.com"
    },
    {
        "KfirstName": "Caden",
        "KlastName": "Bins",
        "Kjob": "Direct Operations Specialist",
        "userPrincipalName": "D794913624",
        "hierarchy": "enim/aspernatur/sed/Direct Operations Specialist - Caden Bins",
        "sAMAccountName": "Percy_Bahringer",
        "mail": "Percy_Bahringer@rabiran.com"
    },
    {
        "KfirstName": "Alberto",
        "KlastName": "Feest",
        "Kjob": "Customer Assurance Analyst",
        "userPrincipalName": "D349462762",
        "hierarchy": "et/iste/inventore/Customer Assurance Analyst - Alberto Feest",
        "sAMAccountName": "Henriette_Schamberger97",
        "mail": "Henriette_Schamberger97@rabiran.com"
    }
]