[{"domUser":"m583225893@turtle.com","telephone":"0545319204","clearance":3,"firstName":"Gino","lastName":"Tabitha","mail":"","tz":null,"personalNumber":"","rank":"mega","rld":"2023-03-30 00:00:00.0","job":"Human Markets Administrator","profession":"","department":"city5","stype":"","hr":"","company":"armagadon","isPortalUser":false,"tags":[{"name":"transportable"}]},{"domUser":"e294775406@turtle.com","telephone":"0591422666","clearance":1,"firstName":"Aniyah","lastName":"Easton","mail":"Dedrick49@turtleS.com","tz":"לא ידוע","personalNumber":"555216687","rank":"rookie","rld":"2017-07-07 00:00:00.0","job":"Lead Response Consultant","profession":"null","department":"city2","stype":"","hr":null,"company":"armagadon","isPortalUser":true,"tags":[{"name":"transportable"},{"name":"information"}]},{"domUser":"m560407100@turtle.com","telephone":"0599162440","clearance":4,"firstName":"Agnes","lastName":"Cara","mail":"","tz":"","personalNumber":"224634197","rank":"rookie","rld":"2015-06-02 00:00:00.0","job":"Global Factors Agent","profession":"","department":"city4","stype":"","hr":"Agnes Cara","company":"bladerunners","isPortalUser":true,"tags":[]},{"domUser":"m677002856@turtle.com","telephone":"0592567251","clearance":3,"firstName":"Mac","lastName":"Ernie","mail":"לא ידוע","tz":"123678146","personalNumber":"474853241","rank":"mega","rld":"2015-03-12 00:00:00.0","job":"Direct Security Representative","profession":"Specialist","department":"city2","stype":"","hr":null,"company":null,"isPortalUser":false,"tags":[]},{"domUser":"l983509537@turtle.com","telephone":"0545514353","clearance":3,"firstName":"Onie","lastName":"Brannon","mail":"","tz":"לא ידוע","personalNumber":null,"rank":"ultimate","rld":"2026-07-25 00:00:00.0","job":"Dynamic Identity Engineer","profession":"Facilitator","department":"city1","stype":"","hr":"qui/quia/dolor/sequi","company":"לא ידוע","isPortalUser":false,"tags":[]},{"domUser":"m464920161@rafael.turtle.com","telephone":"0585375034","clearance":4,"firstName":"Macy","lastName":"Gustave","mail":"","tz":"645313073","personalNumber":"לא ידוע","rank":"ultimate","rld":"2023-09-15 00:00:00.0","job":"Dynamic Intranet Agent","profession":"Executive","department":"city4","stype":"","hr":"Macy Gustave","company":"bladerunners","isPortalUser":false,"tags":[{"name":"information"}]},{"domUser":"l83985063@donatelo.turtle.com","telephone":"0599416091","clearance":2,"firstName":"Rosalyn","lastName":"Marge","mail":null,"tz":"לא ידוע","personalNumber":"576958187","rank":"unknown","rld":"2027-01-17 00:00:00.0","job":"Chief Branding Specialist","profession":"Associate","department":"city2","stype":"","hr":null,"company":"bladerunners","isPortalUser":true,"tags":[{"name":"information"}]},{"domUser":"e990061170@turtle.com","telephone":"0584944403","clearance":3,"firstName":"Katlynn","lastName":"Willie","mail":"לא ידוע","tz":"לא ידוע","personalNumber":"289571346","rank":"rookie","rld":"2027-06-28 00:00:00.0","job":"Senior Marketing Engineer","profession":"Consultant","department":"city5","stype":"","hr":null,"company":"odyssey","isPortalUser":true,"tags":[]},{"domUser":"l464779578@rafael.turtle.com","telephone":"0576103464","clearance":3,"firstName":"Norma","lastName":"Tracy","mail":"Gregoria_Watsica@turtleS.com","tz":"","personalNumber":"","rank":"champion","rld":"2025-08-14 00:00:00.0","job":"Internal Quality Coordinator","profession":"לא ידוע","department":"city5","stype":"","hr":"ea/placeat/aliquam/omnis","company":"לא ידוע","isPortalUser":false,"tags":[{"name":"information"}]},{"domUser":"e405765625@turtle.com","telephone":"0562210264","clearance":2,"firstName":"Marques","lastName":"Loraine","mail":"","tz":null,"personalNumber":"לא ידוע","rank":"mega","rld":"2016-09-05 00:00:00.0","job":"Principal Branding Technician","profession":"לא ידוע","department":"city1","stype":"","hr":null,"company":"לא ידוע","isPortalUser":true,"tags":[{"name":"transportable"}]},{"domUser":"g544354748@rafael.turtle.com","telephone":"0581637034","clearance":3,"firstName":"Giovanny","lastName":"Estrella","mail":"Art.Morar43@turtleS.com","tz":null,"personalNumber":"276351529","rank":"unknown","rld":"2022-06-14 00:00:00.0","job":"Human Research Engineer","profession":"","department":"city1","stype":"","hr":null,"company":"לא ידוע","isPortalUser":false,"tags":[{"name":"transportable"}]},{"domUser":"m837721649@rafael.turtle.com","telephone":"0572079521","clearance":3,"firstName":"Charlene","lastName":"Macey","mail":"לא ידוע","tz":"","personalNumber":"לא ידוע","rank":"champion","rld":"2027-08-22 00:00:00.0","job":"Internal Paradigm Orchestrator","profession":"לא ידוע","department":"city2","stype":"","hr":"Charlene Macey","company":null,"isPortalUser":false,"tags":[{"name":"information"},{"name":"transportable"}]},{"domUser":"i17889269@donatelo.turtle.com","telephone":"0566537476","clearance":5,"firstName":"Chauncey","lastName":"Cheyanne","mail":"","tz":null,"personalNumber":"","rank":"champion","rld":"2023-03-06 00:00:00.0","job":"Legacy Program Coordinator","profession":"Agent","department":"city3","stype":"","hr":"Chauncey Cheyanne","company":"interstellar","isPortalUser":true,"tags":[{"name":"transportable"}]},{"domUser":"e252988965@rafael.turtle.com","telephone":"0549175657","clearance":4,"firstName":"Stefanie","lastName":"Melisa","mail":"","tz":"לא ידוע","personalNumber":"","rank":"rookie","rld":"2015-08-25 00:00:00.0","job":"Human Program Strategist","profession":"","department":"city1","stype":"","hr":"quia/deserunt/animi/exercitationem","company":null,"isPortalUser":true,"tags":[{"name":"transportable"}]},{"domUser":"e667843417@turtle.com","telephone":"0585498901","clearance":4,"firstName":"Vickie","lastName":"Nannie","mail":null,"tz":"לא ידוע","personalNumber":null,"rank":"ultimate","rld":"2021-12-20 00:00:00.0","job":"Chief Paradigm Orchestrator","profession":"Supervisor","department":"city3","stype":"","hr":"facere/explicabo/nobis/occaecati","company":"לא ידוע","isPortalUser":false,"tags":[]},{"domUser":"j387643973@rafael.turtle.com","telephone":"0508835803","clearance":1,"firstName":"Benjamin","lastName":"Tremaine","mail":"","tz":"633674593","personalNumber":"","rank":"champion","rld":"2023-01-20 00:00:00.0","job":"Dynamic Marketing Specialist","profession":"","department":"city6","stype":"","hr":"id/et/fugiat/omnis","company":"לא ידוע","isPortalUser":true,"tags":[{"name":"transportable"}]},{"domUser":"l857671312@turtle.com","telephone":"0578909049","clearance":3,"firstName":"Fabian","lastName":"Augustus","mail":null,"tz":"","personalNumber":"","rank":"unknown","rld":"2021-09-12 00:00:00.0","job":"Internal Research Developer","profession":"Consultant","department":"city4","stype":"","hr":"Fabian Augustus","company":"interstellar","isPortalUser":false,"tags":[]},{"domUser":"e815501476@turtle.com","telephone":"0502891856","clearance":4,"firstName":"Giovanna","lastName":"Elenor","mail":"Hermina_Reichel58@turtleS.com","tz":"לא ידוע","personalNumber":"568935297","rank":"unknown","rld":"2018-02-23 00:00:00.0","job":"Future Web Architect","profession":"null","department":"city4","stype":"","hr":"","company":"לא ידוע","isPortalUser":false,"tags":[{"name":"transportable"}]},{"domUser":"e830296114@turtle.com","telephone":"0503570909","clearance":4,"firstName":"Waldo","lastName":"Annabell","mail":null,"tz":null,"personalNumber":"","rank":"champion","rld":"2016-09-13 00:00:00.0","job":"Regional Research Manager","profession":"Assistant","department":"city3","stype":"","hr":"Waldo Annabell","company":"armagadon","isPortalUser":true,"tags":[]},{"domUser":"e339098100@turtle.com","telephone":"0599836901","clearance":3,"firstName":"Germaine","lastName":"Erwin","mail":"","tz":"907185656","personalNumber":"609127029","rank":"unknown","rld":"2013-08-10 00:00:00.0","job":"Customer Program Technician","profession":"Designer","department":"city2","stype":"","hr":"Germaine Erwin","company":"interstellar","isPortalUser":true,"tags":[{"name":"transportable"}]},{"domUser":"g984421883@rafael.turtle.com","telephone":"0562838839","clearance":3,"firstName":"Kenny","lastName":"Magdalen","mail":"לא ידוע","tz":"511975237","personalNumber":"198709229","rank":"rookie","rld":"2017-01-17 00:00:00.0","job":"Legacy Implementation Consultant","profession":"לא ידוע","department":"city4","stype":"","hr":"","company":null,"isPortalUser":false,"tags":[{"name":"transportable"},{"name":"information"}]},{"domUser":"e94120061@donatelo.turtle.com","telephone":"0533351978","clearance":3,"firstName":"Delphia","lastName":"Zachariah","mail":null,"tz":"658593777","personalNumber":"","rank":"champion","rld":"2018-06-23 00:00:00.0","job":"Internal Program Designer","profession":"null","department":"city5","stype":"","hr":"odit/et/debitis/hic","company":"","isPortalUser":false,"tags":[{"name":"transportable"}]},{"domUser":"e56624850@rafael.turtle.com","telephone":"0596337248","clearance":4,"firstName":"Diana","lastName":"Coleman","mail":"","tz":"לא ידוע","personalNumber":"לא ידוע","rank":"mega","rld":"2018-03-14 00:00:00.0","job":"Central Security Manager","profession":"Administrator","department":"city1","stype":"","hr":null,"company":"interstellar","isPortalUser":false,"tags":[{"name":"transportable"},{"name":"transportable"}]},{"domUser":"e78443154@turtle.com","telephone":"0532088288","clearance":4,"firstName":"Mabelle","lastName":"Leonard","mail":"Alexandria.Kling34@turtleS.com","tz":"לא ידוע","personalNumber":"","rank":"champion","rld":"2026-11-28 00:00:00.0","job":"Forward Research Orchestrator","profession":"Manager","department":"city3","stype":"","hr":"tempora/deserunt/sunt/fuga","company":"armagadon","isPortalUser":true,"tags":[]},{"domUser":"e384198450@turtle.com","telephone":"0578041780","clearance":5,"firstName":"Blake","lastName":"Lurline","mail":"","tz":"לא ידוע","personalNumber":"617294387","rank":"champion","rld":"2024-06-22 00:00:00.0","job":"National Program Architect","profession":"null","department":"city1","stype":"","hr":null,"company":"armagadon","isPortalUser":true,"tags":[]},{"domUser":"e424462815@turtle.com","telephone":"0512831794","clearance":5,"firstName":"Leila","lastName":"Guillermo","mail":"","tz":null,"personalNumber":"747217673","rank":"unknown","rld":"2027-04-10 00:00:00.0","job":"Regional Optimization Representative","profession":"","department":"city3","stype":"","hr":null,"company":"לא ידוע","isPortalUser":false,"tags":[]},{"domUser":"j668244164@turtle.com","telephone":"0565945186","clearance":5,"firstName":"Leonie","lastName":"Micah","mail":"","tz":"602125999","personalNumber":"לא ידוע","rank":"mega","rld":"2013-09-23 00:00:00.0","job":"Senior Division Architect","profession":"לא ידוע","department":"city3","stype":"","hr":null,"company":"armagadon","isPortalUser":true,"tags":[{"name":"transportable"}]},{"domUser":"m646034221@turtle.com","telephone":"0537889889","clearance":3,"firstName":"Bernice","lastName":"Molly","mail":"לא ידוע","tz":null,"personalNumber":"לא ידוע","rank":"rookie","rld":"2023-08-28 00:00:00.0","job":"Direct Branding Representative","profession":"Associate","department":"city5","stype":"","hr":"","company":"odyssey","isPortalUser":false,"tags":[]},{"domUser":"g18155530@rafael.turtle.com","telephone":"0567116232","clearance":1,"firstName":"Rebeca","lastName":"Thaddeus","mail":"","tz":"","personalNumber":"","rank":"ultimate","rld":"2016-12-18 00:00:00.0","job":"Investor Research Assistant","profession":"לא ידוע","department":"city6","stype":"","hr":null,"company":"לא ידוע","isPortalUser":true,"tags":[{"name":"information"}]},{"domUser":"g425664980@rafael.turtle.com","telephone":"0597244651","clearance":5,"firstName":"Weldon","lastName":"Cali","mail":"","tz":"לא ידוע","personalNumber":"לא ידוע","rank":"mega","rld":"2019-05-25 00:00:00.0","job":"Dynamic Creative Orchestrator","profession":"Facilitator","department":"city6","stype":"","hr":"","company":"bladerunners","isPortalUser":false,"tags":[{"name":"transportable"}]},{"domUser":"e183832527@turtle.com","telephone":"0527221125","clearance":3,"firstName":"Cassandra","lastName":"Ted","mail":"לא ידוע","tz":"","personalNumber":"לא ידוע","rank":"unknown","rld":"2017-10-04 00:00:00.0","job":"District Mobility Assistant","profession":"","department":"city1","stype":"","hr":"","company":"","isPortalUser":false,"tags":[]},{"domUser":"e29998045@turtle.com","telephone":"0526352756","clearance":4,"firstName":"Einar","lastName":"Michele","mail":null,"tz":"","personalNumber":null,"rank":"mega","rld":"2022-09-12 00:00:00.0","job":"Human Branding Supervisor","profession":"לא ידוע","department":"city3","stype":"","hr":"","company":null,"isPortalUser":false,"tags":[]},{"domUser":"e890315716@rafael.turtle.com","telephone":"0519678602","clearance":3,"firstName":"Freddie","lastName":"Bill","mail":null,"tz":"לא ידוע","personalNumber":"לא ידוע","rank":"champion","rld":"2018-12-13 00:00:00.0","job":"Chief Integration Engineer","profession":"null","department":"city2","stype":"","hr":"fugiat/rem/nesciunt/asperiores","company":"odyssey","isPortalUser":true,"tags":[{"name":"information"},{"name":"transportable"}]},{"domUser":"j2722865@turtle.com","telephone":"0585489201","clearance":2,"firstName":"Salvatore","lastName":"Marta","mail":null,"tz":"לא ידוע","personalNumber":null,"rank":"rookie","rld":"2013-11-05 00:00:00.0","job":"Direct Accounts Officer","profession":"Assistant","department":"city2","stype":"","hr":"sapiente/alias/ipsam/mollitia","company":"לא ידוע","isPortalUser":true,"tags":[{"name":"information"}]},{"domUser":"m849969913@donatelo.turtle.com","telephone":"0554935523","clearance":3,"firstName":"Matilde","lastName":"Ramona","mail":"Dee_Langworth@turtleS.com","tz":null,"personalNumber":"לא ידוע","rank":"mega","rld":"2022-05-17 00:00:00.0","job":"Customer Usability Director","profession":"Associate","department":"city4","stype":"","hr":"rem/et/cupiditate/rerum","company":"","isPortalUser":false,"tags":[]},{"domUser":"e845947924@turtle.com","telephone":"0502983792","clearance":5,"firstName":"Jamar","lastName":"Kenneth","mail":"לא ידוע","tz":"לא ידוע","personalNumber":"לא ידוע","rank":"unknown","rld":"2016-08-24 00:00:00.0","job":"Customer Research Officer","profession":"Assistant","department":"city4","stype":"","hr":"","company":null,"isPortalUser":true,"tags":[]},{"domUser":"e412369210@turtle.com","telephone":"0519088906","clearance":4,"firstName":"Geovanny","lastName":"Elenora","mail":"","tz":"906055447","personalNumber":"288212785","rank":"unknown","rld":"2023-08-22 00:00:00.0","job":"International Interactions Producer","profession":"null","department":"city2","stype":"","hr":null,"company":"interstellar","isPortalUser":true,"tags":[]},{"domUser":"g311186257@turtle.com","telephone":"0512407682","clearance":5,"firstName":"Sigurd","lastName":"Hermann","mail":null,"tz":"684970122","personalNumber":null,"rank":"ultimate","rld":"2013-12-23 00:00:00.0","job":"Investor Tactics Director","profession":"Facilitator","department":"city3","stype":"","hr":null,"company":"interstellar","isPortalUser":false,"tags":[]},{"domUser":"m339040859@turtle.com","telephone":"0572161033","clearance":1,"firstName":"Sienna","lastName":"Caleb","mail":"Shannon.Weimann5@turtleS.com","tz":"","personalNumber":"לא ידוע","rank":"mega","rld":"2026-01-02 00:00:00.0","job":"Central Brand Planner","profession":"Executive","department":"city3","stype":"","hr":"officia/ut/qui/consectetur","company":"","isPortalUser":false,"tags":[{"name":"transportable"}]},{"domUser":"e204334540@turtle.com","telephone":"0532700322","clearance":1,"firstName":"Electa","lastName":"Kenna","mail":"לא ידוע","tz":"761789015","personalNumber":"335247146","rank":"unknown","rld":"2014-03-05 00:00:00.0","job":"District Division Orchestrator","profession":"Administrator","department":"city4","stype":"","hr":"ut/quaerat/repudiandae/esse","company":null,"isPortalUser":true,"tags":[]},{"domUser":"g351919104@turtle.com","telephone":"0512035196","clearance":2,"firstName":"Kameron","lastName":"Cassidy","mail":null,"tz":"","personalNumber":"","rank":"mega","rld":"2019-08-22 00:00:00.0","job":"Central Program Officer","profession":"null","department":"city3","stype":"","hr":"","company":null,"isPortalUser":true,"tags":[{"name":"information"}]},{"domUser":"j748645583@turtle.com","telephone":"0532576730","clearance":2,"firstName":"Marcelle","lastName":"Veronica","mail":"","tz":"","personalNumber":"","rank":"unknown","rld":"2017-02-06 00:00:00.0","job":"Senior Brand Manager","profession":"","department":"city5","stype":"","hr":null,"company":"","isPortalUser":false,"tags":[{"name":"information"}]},{"domUser":"e619115212@turtle.com","telephone":"0537662000","clearance":5,"firstName":"Shayna","lastName":"Rickie","mail":"לא ידוע","tz":null,"personalNumber":null,"rank":"rookie","rld":"2019-05-08 00:00:00.0","job":"Dynamic Research Agent","profession":"Supervisor","department":"city5","stype":"","hr":"Shayna Rickie","company":"bladerunners","isPortalUser":true,"tags":[]},{"domUser":"m520491297@turtle.com","telephone":"0544893439","clearance":5,"firstName":"Zachery","lastName":"Angus","mail":"","tz":null,"personalNumber":null,"rank":"mega","rld":"2023-06-01 00:00:00.0","job":"International Creative Architect","profession":"לא ידוע","department":"city4","stype":"","hr":null,"company":"armagadon","isPortalUser":true,"tags":[{"name":"information"}]},{"domUser":"e144957276@turtle.com","telephone":"0578751704","clearance":2,"firstName":"Frederik","lastName":"Orion","mail":"","tz":"לא ידוע","personalNumber":"295036989","rank":"ultimate","rld":"2014-04-22 00:00:00.0","job":"Human Intranet Developer","profession":"","department":"city3","stype":"","hr":"Frederik Orion","company":"interstellar","isPortalUser":true,"tags":[{"name":"transportable"},{"name":"transportable"}]},{"domUser":"e971946642@turtle.com","telephone":"0541729070","clearance":4,"firstName":"Dorothy","lastName":"Domenick","mail":null,"tz":"לא ידוע","personalNumber":"","rank":"mega","rld":"2021-10-21 00:00:00.0","job":"Legacy Interactions Strategist","profession":"Liaison","department":"city1","stype":"","hr":null,"company":"interstellar","isPortalUser":true,"tags":[{"name":"transportable"}]},{"domUser":"m27302228@turtle.com","telephone":"0583631984","clearance":1,"firstName":"Elbert","lastName":"Durward","mail":"לא ידוע","tz":"299964908","personalNumber":"לא ידוע","rank":"mega","rld":"2019-08-07 00:00:00.0","job":"Legacy Infrastructure Director","profession":"לא ידוע","department":"city6","stype":"","hr":"","company":"armagadon","isPortalUser":false,"tags":[{"name":"information"}]},{"domUser":"e896813845@turtle.com","telephone":"0568835739","clearance":5,"firstName":"Felton","lastName":"Julianne","mail":"","tz":"285457214","personalNumber":"לא ידוע","rank":"ultimate","rld":"2020-07-04 00:00:00.0","job":"Lead Applications Technician","profession":"לא ידוע","department":"city1","stype":"","hr":null,"company":null,"isPortalUser":false,"tags":[{"name":"transportable"}]},{"domUser":"e861041490@donatelo.turtle.com","telephone":"0578333978","clearance":4,"firstName":"Jarrell","lastName":"Lizeth","mail":null,"tz":null,"personalNumber":"889414848","rank":"ultimate","rld":"2020-02-28 00:00:00.0","job":"Regional Branding Architect","profession":"Liaison","department":"city6","stype":"","hr":"","company":"","isPortalUser":false,"tags":[]},{"domUser":"e585187841@rafael.turtle.com","telephone":"0527523584","clearance":1,"firstName":"Rosalinda","lastName":"Art","mail":"Isidro_Mertz@turtleS.com","tz":"","personalNumber":"לא ידוע","rank":"mega","rld":"2023-09-17 00:00:00.0","job":"Corporate Communications Developer","profession":"Manager","department":"city2","stype":"","hr":"ratione/aliquid/alias/sit","company":"לא ידוע","isPortalUser":true,"tags":[{"name":"transportable"},{"name":"information"}]},{"domUser":"e222057997@turtle.com","telephone":"0559615026","clearance":5,"firstName":"Meda","lastName":"Pearlie","mail":"לא ידוע","tz":"לא ידוע","personalNumber":null,"rank":"ultimate","rld":"2020-01-22 00:00:00.0","job":"Chief Accountability Designer","profession":"Supervisor","department":"city4","stype":"","hr":"itaque/ratione/est/ut","company":"odyssey","isPortalUser":false,"tags":[{"name":"information"}]},{"domUser":"e560761891@turtle.com","telephone":"0544456600","clearance":3,"firstName":"Gisselle","lastName":"Merlin","mail":"","tz":"לא ידוע","personalNumber":null,"rank":"champion","rld":"2023-02-09 00:00:00.0","job":"Direct Web Designer","profession":"לא ידוע","department":"city1","stype":"","hr":"Gisselle Merlin","company":"interstellar","isPortalUser":true,"tags":[{"name":"information"},{"name":"transportable"}]},{"domUser":"e389549389@donatelo.turtle.com","telephone":"0508193368","clearance":3,"firstName":"Josianne","lastName":"Francesco","mail":"Eulalia.Langosh56@turtleS.com","tz":"לא ידוע","personalNumber":"","rank":"ultimate","rld":"2027-11-22 00:00:00.0","job":"Human Security Planner","profession":"Developer","department":"city5","stype":"","hr":"quis/et/fugit/itaque","company":null,"isPortalUser":true,"tags":[{"name":"information"}]},{"domUser":"m815648299@turtle.com","telephone":"0529425092","clearance":3,"firstName":"Eden","lastName":"Emily","mail":"","tz":null,"personalNumber":"לא ידוע","rank":"mega","rld":"2018-03-01 00:00:00.0","job":"Direct Interactions Producer","profession":"Engineer","department":"city1","stype":"","hr":"","company":"odyssey","isPortalUser":false,"tags":[]},{"domUser":"e78363292@donatelo.turtle.com","telephone":"0557818868","clearance":5,"firstName":"Armani","lastName":"Devon","mail":"לא ידוע","tz":"541759213","personalNumber":"","rank":"unknown","rld":"2022-03-20 00:00:00.0","job":"Regional Intranet Producer","profession":"Producer","department":"city1","stype":"","hr":null,"company":null,"isPortalUser":false,"tags":[{"name":"transportable"}]},{"domUser":"m231555631@turtle.com","telephone":"0553809354","clearance":2,"firstName":"Troy","lastName":"Scot","mail":"","tz":"","personalNumber":null,"rank":"rookie","rld":"2024-01-01 00:00:00.0","job":"Human Configuration Coordinator","profession":"Associate","department":"city6","stype":"","hr":"omnis/explicabo/nobis/quis","company":"bladerunners","isPortalUser":true,"tags":[{"name":"information"}]},{"domUser":"g776687758@turtle.com","telephone":"0546831922","clearance":3,"firstName":"Cruz","lastName":"Megane","mail":"לא ידוע","tz":null,"personalNumber":null,"rank":"rookie","rld":"2020-03-08 00:00:00.0","job":"Chief Communications Officer","profession":"Administrator","department":"city1","stype":"","hr":"quo/qui/voluptatem/soluta","company":"לא ידוע","isPortalUser":false,"tags":[]},{"domUser":"m677190058@turtle.com","telephone":"0516858317","clearance":2,"firstName":"Turner","lastName":"Micheal","mail":"לא ידוע","tz":null,"personalNumber":"לא ידוע","rank":"rookie","rld":"2021-11-26 00:00:00.0","job":"Corporate Directives Orchestrator","profession":"null","department":"city6","stype":"","hr":"","company":"interstellar","isPortalUser":false,"tags":[{"name":"information"},{"name":"transportable"}]},{"domUser":"e189734932@rafael.turtle.com","telephone":"0571065520","clearance":2,"firstName":"Eldred","lastName":"Edgardo","mail":"לא ידוע","tz":"לא ידוע","personalNumber":null,"rank":"ultimate","rld":"2015-11-15 00:00:00.0","job":"Internal Accounts Director","profession":"Associate","department":"city4","stype":"","hr":"Eldred Edgardo","company":"interstellar","isPortalUser":false,"tags":[]},{"domUser":"m874769254@turtle.com","telephone":"0543122340","clearance":1,"firstName":"Kirk","lastName":"Jo","mail":null,"tz":"לא ידוע","personalNumber":"לא ידוע","rank":"rookie","rld":"2021-10-11 00:00:00.0","job":"Legacy Usability Supervisor","profession":"Representative","department":"city1","stype":"","hr":null,"company":"לא ידוע","isPortalUser":true,"tags":[{"name":"transportable"},{"name":"information"}]},{"domUser":"m344814129@rafael.turtle.com","telephone":"0538731373","clearance":1,"firstName":"Colin","lastName":"Larissa","mail":"","tz":null,"personalNumber":"לא ידוע","rank":"rookie","rld":"2025-08-22 00:00:00.0","job":"Customer Factors Architect","profession":"null","department":"city2","stype":"","hr":"aperiam/id/ex/laborum","company":"armagadon","isPortalUser":false,"tags":[{"name":"transportable"},{"name":"information"}]},{"domUser":"g749768709@rafael.turtle.com","telephone":"0564551111","clearance":5,"firstName":"Lavina","lastName":"Jerry","mail":"לא ידוע","tz":null,"personalNumber":"954633986","rank":"champion","rld":"2013-04-09 00:00:00.0","job":"Principal Usability Planner","profession":"null","department":"city3","stype":"","hr":"ut/illum/eligendi/dolorem","company":"interstellar","isPortalUser":false,"tags":[{"name":"information"}]},{"domUser":"g112352051@turtle.com","telephone":"0508804563","clearance":1,"firstName":"Brandt","lastName":"Velda","mail":null,"tz":null,"personalNumber":"לא ידוע","rank":"ultimate","rld":"2020-03-26 00:00:00.0","job":"Dynamic Markets Officer","profession":"לא ידוע","department":"city4","stype":"","hr":null,"company":"armagadon","isPortalUser":false,"tags":[]},{"domUser":"e578815287@turtle.com","telephone":"0551348596","clearance":4,"firstName":"Johanna","lastName":"Nelda","mail":"Eli_Bartoletti@turtleS.com","tz":null,"personalNumber":null,"rank":"rookie","rld":"2020-08-23 00:00:00.0","job":"Internal Usability Executive","profession":"","department":"city1","stype":"","hr":"","company":null,"isPortalUser":true,"tags":[]},{"domUser":"e73832733@rafael.turtle.com","telephone":"0545109040","clearance":3,"firstName":"Kendra","lastName":"Lauretta","mail":"Dessie62@turtleS.com","tz":"989121827","personalNumber":"910244894","rank":"ultimate","rld":"2023-06-17 00:00:00.0","job":"Corporate Group Designer","profession":"Coordinator","department":"city6","stype":"","hr":"ratione/eum/accusantium/dolores","company":null,"isPortalUser":true,"tags":[{"name":"transportable"},{"name":"information"}]},{"domUser":"e475944984@rafael.turtle.com","telephone":"0592484866","clearance":2,"firstName":"Dameon","lastName":"Domenick","mail":"לא ידוע","tz":"","personalNumber":"","rank":"rookie","rld":"2016-11-21 00:00:00.0","job":"International Security Producer","profession":"","department":"city1","stype":"","hr":"","company":"bladerunners","isPortalUser":true,"tags":[]},{"domUser":"m703196872@donatelo.turtle.com","telephone":"0502676210","clearance":3,"firstName":"Camilla","lastName":"Darion","mail":"לא ידוע","tz":"לא ידוע","personalNumber":"184166686","rank":"mega","rld":"2015-06-23 00:00:00.0","job":"Corporate Program Consultant","profession":"Consultant","department":"city6","stype":"","hr":"voluptatibus/quasi/sit/pariatur","company":null,"isPortalUser":false,"tags":[{"name":"transportable"}]},{"domUser":"g419287347@turtle.com","telephone":"0532380123","clearance":5,"firstName":"Leif","lastName":"Nolan","mail":"","tz":"לא ידוע","personalNumber":null,"rank":"rookie","rld":"2022-12-04 00:00:00.0","job":"International Optimization Planner","profession":"null","department":"city5","stype":"","hr":"corporis/nulla/aut/voluptatem","company":"","isPortalUser":false,"tags":[{"name":"transportable"}]},{"domUser":"e292027300@turtle.com","telephone":"0525705492","clearance":5,"firstName":"Vita","lastName":"Jazmin","mail":null,"tz":"712047083","personalNumber":"","rank":"unknown","rld":"2021-01-14 00:00:00.0","job":"Chief Quality Associate","profession":"לא ידוע","department":"city3","stype":"","hr":"Vita Jazmin","company":"","isPortalUser":true,"tags":[{"name":"information"}]},{"domUser":"e785004212@donatelo.turtle.com","telephone":"0516788517","clearance":2,"firstName":"Jamel","lastName":"Reta","mail":"","tz":"","personalNumber":"לא ידוע","rank":"champion","rld":"2018-07-22 00:00:00.0","job":"Global Research Administrator","profession":"Producer","department":"city1","stype":"","hr":"nulla/ut/et/debitis","company":"bladerunners","isPortalUser":true,"tags":[{"name":"transportable"},{"name":"transportable"}]},{"domUser":"g147195941@turtle.com","telephone":"0572539469","clearance":1,"firstName":"Xander","lastName":"Bernardo","mail":null,"tz":"לא ידוע","personalNumber":null,"rank":"champion","rld":"2020-10-26 00:00:00.0","job":"District Creative Executive","profession":"null","department":"city5","stype":"","hr":null,"company":"bladerunners","isPortalUser":true,"tags":[{"name":"information"},{"name":"transportable"}]},{"domUser":"l634976786@donatelo.turtle.com","telephone":"0531696634","clearance":3,"firstName":"Mose","lastName":"Stephan","mail":"","tz":"","personalNumber":null,"rank":"champion","rld":"2021-06-26 00:00:00.0","job":"Dynamic Identity Consultant","profession":"","department":"city5","stype":"","hr":"Mose Stephan","company":"odyssey","isPortalUser":true,"tags":[]},{"domUser":"e686853639@rafael.turtle.com","telephone":"0505990508","clearance":2,"firstName":"Berniece","lastName":"Zaria","mail":null,"tz":null,"personalNumber":"908803806","rank":"champion","rld":"2011-06-19 00:00:00.0","job":"Customer Directives Representative","profession":"Manager","department":"city4","stype":"","hr":null,"company":"","isPortalUser":false,"tags":[{"name":"information"}]},{"domUser":"m757916672@rafael.turtle.com","telephone":"0545675631","clearance":1,"firstName":"Diamond","lastName":"Antwan","mail":"Princess_Osinski40@turtleS.com","tz":"","personalNumber":"963914427","rank":"ultimate","rld":"2016-09-07 00:00:00.0","job":"District Security Officer","profession":"Technician","department":"city1","stype":"","hr":"Diamond Antwan","company":"armagadon","isPortalUser":true,"tags":[]},{"domUser":"e666577562@turtle.com","telephone":"0594662282","clearance":4,"firstName":"Lurline","lastName":"Porter","mail":null,"tz":"546446642","personalNumber":"לא ידוע","rank":"rookie","rld":"2022-03-18 00:00:00.0","job":"Internal Functionality Assistant","profession":"לא ידוע","department":"city5","stype":"","hr":null,"company":"odyssey","isPortalUser":true,"tags":[{"name":"transportable"}]},{"domUser":"e597828112@donatelo.turtle.com","telephone":"0555164387","clearance":1,"firstName":"Lorena","lastName":"Kelli","mail":"לא ידוע","tz":"לא ידוע","personalNumber":null,"rank":"mega","rld":"2023-05-04 00:00:00.0","job":"Dynamic Accounts Administrator","profession":"","department":"city4","stype":"","hr":"","company":"armagadon","isPortalUser":false,"tags":[]},{"domUser":"e277074771@turtle.com","telephone":"0533081681","clearance":2,"firstName":"Robbie","lastName":"Etha","mail":"","tz":"427384714","personalNumber":null,"rank":"unknown","rld":"2021-10-27 00:00:00.0","job":"Future Mobility Director","profession":"Representative","department":"city3","stype":"","hr":"Robbie Etha","company":"bladerunners","isPortalUser":false,"tags":[]},{"domUser":"e186980458@turtle.com","telephone":"0517428423","clearance":5,"firstName":"Shyann","lastName":"Glenda","mail":"לא ידוע","tz":null,"personalNumber":"","rank":"unknown","rld":"2014-05-04 00:00:00.0","job":"Direct Intranet Assistant","profession":"Coordinator","department":"city4","stype":"","hr":"","company":null,"isPortalUser":false,"tags":[]},{"domUser":"e139920863@rafael.turtle.com","telephone":"0528576466","clearance":5,"firstName":"Zack","lastName":"Beau","mail":null,"tz":"לא ידוע","personalNumber":"","rank":"ultimate","rld":"2021-01-12 00:00:00.0","job":"Chief Intranet Associate","profession":"לא ידוע","department":"city6","stype":"","hr":"","company":"","isPortalUser":false,"tags":[{"name":"information"},{"name":"information"}]},{"domUser":"e107219465@turtle.com","telephone":"0559516228","clearance":3,"firstName":"Clifford","lastName":"Ross","mail":null,"tz":"158888289","personalNumber":null,"rank":"mega","rld":"2020-07-12 00:00:00.0","job":"Forward Quality Developer","profession":"לא ידוע","department":"city1","stype":"","hr":"","company":null,"isPortalUser":false,"tags":[{"name":"information"}]},{"domUser":"l947945224@rafael.turtle.com","telephone":"0545609038","clearance":1,"firstName":"Victoria","lastName":"Natalie","mail":"לא ידוע","tz":"","personalNumber":"","rank":"ultimate","rld":"2024-02-27 00:00:00.0","job":"National Accountability Strategist","profession":"null","department":"city2","stype":"","hr":null,"company":"","isPortalUser":true,"tags":[{"name":"transportable"}]},{"domUser":"g144291062@turtle.com","telephone":"0525867190","clearance":2,"firstName":"Arnaldo","lastName":"Mariane","mail":null,"tz":null,"personalNumber":"","rank":"rookie","rld":"2015-01-19 00:00:00.0","job":"Corporate Assurance Supervisor","profession":"לא ידוע","department":"city2","stype":"","hr":"Arnaldo Mariane","company":"armagadon","isPortalUser":true,"tags":[{"name":"transportable"},{"name":"information"}]},{"domUser":"e442027231@turtle.com","telephone":"0574039039","clearance":1,"firstName":"Amiya","lastName":"Louvenia","mail":"","tz":"לא ידוע","personalNumber":"לא ידוע","rank":"ultimate","rld":"2016-02-01 00:00:00.0","job":"Product Optimization Liaison","profession":"Facilitator","department":"city1","stype":"","hr":"Amiya Louvenia","company":"armagadon","isPortalUser":false,"tags":[]},{"domUser":"e36695138@rafael.turtle.com","telephone":"0586002796","clearance":3,"firstName":"Kenya","lastName":"Webster","mail":"לא ידוע","tz":"לא ידוע","personalNumber":"","rank":"mega","rld":"2025-11-20 00:00:00.0","job":"Global Program Director","profession":"","department":"city1","stype":"","hr":null,"company":"לא ידוע","isPortalUser":true,"tags":[{"name":"transportable"},{"name":"information"}]},{"domUser":"i40561796@donatelo.turtle.com","telephone":"0563004985","clearance":5,"firstName":"Eveline","lastName":"Lucile","mail":"","tz":"","personalNumber":"","rank":"unknown","rld":"2018-10-09 00:00:00.0","job":"International Tactics Analyst","profession":"לא ידוע","department":"city6","stype":"","hr":"sed/ut/dignissimos/explicabo","company":"bladerunners","isPortalUser":false,"tags":[{"name":"transportable"}]},{"domUser":"e88492633@turtle.com","telephone":"0574370348","clearance":4,"firstName":"Marietta","lastName":"Benedict","mail":"","tz":"לא ידוע","personalNumber":"","rank":"champion","rld":"2014-02-04 00:00:00.0","job":"Dynamic Implementation Architect","profession":"","department":"city6","stype":"","hr":"Marietta Benedict","company":"odyssey","isPortalUser":true,"tags":[{"name":"information"},{"name":"information"}]},{"domUser":"i166173314@turtle.com","telephone":"0512709632","clearance":1,"firstName":"Ellie","lastName":"Easton","mail":"","tz":"","personalNumber":null,"rank":"champion","rld":"2026-07-06 00:00:00.0","job":"Central Solutions Administrator","profession":"","department":"city6","stype":"","hr":null,"company":"bladerunners","isPortalUser":true,"tags":[{"name":"information"},{"name":"transportable"}]},{"domUser":"j689250058@donatelo.turtle.com","telephone":"0587089464","clearance":4,"firstName":"Clint","lastName":"Samson","mail":"Linnea.Reichert@turtleS.com","tz":"לא ידוע","personalNumber":"785213503","rank":"rookie","rld":"2021-07-14 00:00:00.0","job":"Forward Integration Agent","profession":"Supervisor","department":"city5","stype":"","hr":"Clint Samson","company":"","isPortalUser":true,"tags":[{"name":"transportable"},{"name":"information"}]},{"domUser":"m550221439@turtle.com","telephone":"0592177603","clearance":2,"firstName":"Talon","lastName":"Bridie","mail":"Carley_Stanton18@turtleS.com","tz":null,"personalNumber":"לא ידוע","rank":"mega","rld":"2023-01-30 00:00:00.0","job":"Senior Operations Developer","profession":"null","department":"city2","stype":"","hr":"similique/vel/unde/et","company":null,"isPortalUser":false,"tags":[{"name":"information"}]},{"domUser":"m756619204@turtle.com","telephone":"0549137780","clearance":5,"firstName":"Amiya","lastName":"Nina","mail":"לא ידוע","tz":"לא ידוע","personalNumber":"","rank":"unknown","rld":"2018-08-27 00:00:00.0","job":"Investor Factors Associate","profession":"לא ידוע","department":"city3","stype":"","hr":"Amiya Nina","company":null,"isPortalUser":true,"tags":[{"name":"information"},{"name":"transportable"}]},{"domUser":"m146525944@turtle.com","telephone":"0594213443","clearance":3,"firstName":"Savion","lastName":"Meaghan","mail":"","tz":null,"personalNumber":"לא ידוע","rank":"ultimate","rld":"2020-03-13 00:00:00.0","job":"Regional Brand Executive","profession":"","department":"city6","stype":"","hr":"","company":"","isPortalUser":true,"tags":[{"name":"transportable"},{"name":"information"}]},{"domUser":"e842501863@donatelo.turtle.com","telephone":"0515666921","clearance":4,"firstName":"Jillian","lastName":"Cecile","mail":"","tz":null,"personalNumber":null,"rank":"rookie","rld":"2018-05-20 00:00:00.0","job":"Corporate Directives Manager","profession":"Associate","department":"city4","stype":"","hr":"","company":"odyssey","isPortalUser":false,"tags":[]},{"domUser":"g708746336@rafael.turtle.com","telephone":"0591914036","clearance":4,"firstName":"Roxane","lastName":"Nellie","mail":null,"tz":"370845596","personalNumber":null,"rank":"rookie","rld":"2018-01-18 00:00:00.0","job":"Central Communications Engineer","profession":"null","department":"city3","stype":"","hr":"","company":"armagadon","isPortalUser":true,"tags":[]},{"domUser":"i309684884@turtle.com","telephone":"0594906864","clearance":5,"firstName":"Joanny","lastName":"Blanca","mail":null,"tz":null,"personalNumber":null,"rank":"ultimate","rld":"2021-02-28 00:00:00.0","job":"Internal Metrics Facilitator","profession":"","department":"city6","stype":"","hr":"","company":"interstellar","isPortalUser":true,"tags":[]},{"domUser":"i745034328@turtle.com","telephone":"0514047351","clearance":5,"firstName":"Amparo","lastName":"Lesley","mail":null,"tz":null,"personalNumber":"617888145","rank":"unknown","rld":"2014-09-04 00:00:00.0","job":"Product Web Facilitator","profession":"לא ידוע","department":"city1","stype":"","hr":"Amparo Lesley","company":"לא ידוע","isPortalUser":false,"tags":[{"name":"information"}]},{"domUser":"e214950254@donatelo.turtle.com","telephone":"0567088095","clearance":4,"firstName":"Kaylah","lastName":"Kaci","mail":"","tz":"","personalNumber":"","rank":"champion","rld":"2020-01-07 00:00:00.0","job":"Senior Assurance Specialist","profession":"","department":"city6","stype":"","hr":"","company":"interstellar","isPortalUser":false,"tags":[]},{"domUser":"e966708262@donatelo.turtle.com","telephone":"0547935182","clearance":5,"firstName":"Myrtis","lastName":"Haylee","mail":"","tz":null,"personalNumber":"939734478","rank":"ultimate","rld":"2018-05-12 00:00:00.0","job":"Customer Metrics Strategist","profession":"null","department":"city2","stype":"","hr":"aut/vel/omnis/temporibus","company":"","isPortalUser":false,"tags":[{"name":"information"}]},{"domUser":"e360022629@donatelo.turtle.com","telephone":"0587861918","clearance":3,"firstName":"Cary","lastName":"Heloise","mail":"","tz":"312004831","personalNumber":"","rank":"ultimate","rld":"2019-01-21 00:00:00.0","job":"Forward Tactics Representative","profession":"","department":"city1","stype":"","hr":"","company":"bladerunners","isPortalUser":true,"tags":[]},{"domUser":"e92982775@donatelo.turtle.com","telephone":"0551871729","clearance":4,"firstName":"Ayden","lastName":"Braeden","mail":null,"tz":"לא ידוע","personalNumber":null,"rank":"unknown","rld":"2020-11-20 00:00:00.0","job":"Human Creative Technician","profession":"Engineer","department":"city4","stype":"","hr":"","company":"armagadon","isPortalUser":false,"tags":[{"name":"information"}]},{"domUser":"e65719801@donatelo.turtle.com","telephone":"0592745684","clearance":5,"firstName":"Horace","lastName":"Kennedi","mail":null,"tz":null,"personalNumber":"","rank":"mega","rld":"2013-03-18 00:00:00.0","job":"Internal Response Specialist","profession":"Technician","department":"city6","stype":"","hr":null,"company":"odyssey","isPortalUser":false,"tags":[]}]