[{"tz":"299521138","stype":"E","mi":"299521138","firstName":"Mose","lastName":"Bergstrom","entity":"digimon","rnk":null,"rld":null,"vphone":"7562","cphone":"57-3334914","hr":"molestiae/non/qui","tf":"Administrator","userName":"Mose_Bergstrom14","mail":"Mose_Bergstrom14@jello.com","location":"Dynamic Accounts Consultant"},{"tz":"887450328","stype":"E","firstName":"Dennis","lastName":"Murray","mi":"540343556","entity":"agumon","rnk":"unknown","rld":"2022-04-12 00:00:00.0","vphone":"3893","cphone":"53-9174074","hr":"iusto/ut/eos","tf":"Technician","userName":"Dennis_Murray67","mail":"Dennis_Murray67@jello.com","location":"Lead Security Executive"},{"tz":"943922955","stype":"G","mi":"943922955","firstName":"Louisa","lastName":"Powlowski","entity":"digimon","rnk":null,"rld":null,"vphone":"8605","cphone":"51-9221629","hr":"placeat/aut/rerum","tf":"Consultant","userName":"Louisa22","mail":"Louisa22@jello.com","location":"Customer Security Supervisor"},{"tz":"882966500","stype":"E","mi":"882966500","firstName":"Marcellus","lastName":"Bogisich","entity":"digimon","rnk":null,"rld":null,"vphone":"9909","cphone":"59-3727758","hr":"est/autem/accusantium","tf":"Strategist","userName":"Marcellus58","mail":"Marcellus58@jello.com","location":"Human Accountability Orchestrator"},{"tz":"412029787","stype":"D","mi":"412029787","firstName":"Boyd","lastName":"Weimann","entity":"digimon","rnk":null,"rld":null,"vphone":"5489","cphone":"56-7789067","hr":"vitae/aut/eos","tf":"Associate","userName":"Boyd_Weimann79","mail":"Boyd_Weimann79@jello.com","location":"Customer Brand Architect"},{"tz":"132951898","stype":"D","firstName":"Abby","lastName":"Murazik","mi":"596427127","entity":"agumon","rnk":"mega","rld":"2021-12-24 00:00:00.0","vphone":"3899","cphone":"59-7188113","hr":"ullam/quia/velit","tf":"Director","userName":"Abby_Murazik","mail":"Abby_Murazik@jello.com","location":"International Applications Planner"},{"tz":"315024091","stype":"D","mi":"315024091","firstName":"Daphney","lastName":"Moore","entity":"digimon","rnk":null,"rld":null,"vphone":"9722","cphone":"57-1463848","hr":"quia/praesentium/omnis","tf":"Orchestrator","userName":"Daphney.Moore86","mail":"Daphney.Moore86@jello.com","location":"Forward Assurance Strategist"},{"tz":"121785125","stype":"A","mi":"121785125","firstName":"Alvis","lastName":"Feest","entity":"digimon","rnk":null,"rld":null,"vphone":"6876","cphone":"58-5066449","hr":"natus/expedita/cupiditate","tf":"Developer","userName":"Alvis61","mail":"Alvis61@jello.com","location":"Corporate Creative Architect"},{"tz":"335464764","stype":"C","firstName":"Alden","lastName":"Schuster","mi":"475501059","entity":"agumon","rnk":"ultimate","rld":"2027-02-21 00:00:00.0","vphone":"3382","cphone":"54-1327157","hr":"impedit/ipsam/optio","tf":"Coordinator","userName":"Alden_Schuster62","mail":"Alden_Schuster62@jello.com","location":"Global Usability Developer"},{"tz":"695857847","stype":"A","mi":"695857847","firstName":"Stephon","lastName":"Bahringer","entity":"digimon","rnk":null,"rld":null,"vphone":"9964","cphone":"53-4132465","hr":"reiciendis/et/cumque","tf":"Administrator","userName":"Stephon49","mail":"Stephon49@jello.com","location":"Dynamic Data Manager"},{"tz":"485023451","stype":"H","firstName":"Clinton","lastName":"Boehm","mi":"288948339","entity":"agumon","rnk":"mega","rld":"2015-05-04 00:00:00.0","vphone":"9400","cphone":"51-3654444","hr":"et/quia/dolorem","tf":"Liaison","userName":"Clinton.Boehm","mail":"Clinton.Boehm@jello.com","location":"National Solutions Supervisor"},{"tz":"278354360","stype":"F","mi":"278354360","firstName":"Cruz","lastName":"Labadie","entity":"digimon","rnk":null,"rld":null,"vphone":"6849","cphone":"51-2215302","hr":"magnam/tempore/cumque","tf":"Designer","userName":"Cruz_Labadie8","mail":"Cruz_Labadie8@jello.com","location":"Central Security Manager"},{"tz":"631701380","stype":"D","firstName":"Lacey","lastName":"Paucek","mi":"368900975","entity":"agumon","rnk":"champion","rld":"2028-02-01 00:00:00.0","vphone":"8459","cphone":"52-2400924","hr":"amet/iusto/mollitia","tf":"Consultant","userName":"Lacey_Paucek60","mail":"Lacey_Paucek60@jello.com","location":"Customer Assurance Agent"},{"tz":"369624382","stype":"E","mi":"369624382","firstName":"Adele","lastName":"Breitenberg","entity":"digimon","rnk":null,"rld":null,"vphone":"5697","cphone":"54-3480826","hr":"blanditiis/ipsam/quo","tf":"Architect","userName":"Adele_Breitenberg","mail":"Adele_Breitenberg@jello.com","location":"Global Division Architect"},{"tz":"355235524","stype":"F","firstName":"Tommie","lastName":"Keebler","mi":"238788712","entity":"agumon","rnk":"ultimate","rld":"2020-11-13 00:00:00.0","vphone":"2082","cphone":"53-3535007","hr":"voluptas/repudiandae/rerum","tf":"Orchestrator","userName":"Tommie.Keebler28","mail":"Tommie.Keebler28@jello.com","location":"Customer Functionality Executive"},{"tz":"852172741","stype":"F","mi":"852172741","firstName":"Adolf","lastName":"Pollich","entity":"digimon","rnk":null,"rld":null,"vphone":"1109","cphone":"53-6279140","hr":"sit/eaque/soluta","tf":"Executive","userName":"Adolf30","mail":"Adolf30@jello.com","location":"Forward Interactions Analyst"},{"tz":"501930754","stype":"G","mi":"501930754","firstName":"Mafalda","lastName":"Rath","entity":"digimon","rnk":null,"rld":null,"vphone":"8830","cphone":"59-4091474","hr":"cum/eaque/voluptas","tf":"Officer","userName":"Mafalda27","mail":"Mafalda27@jello.com","location":"Lead Mobility Assistant"},{"tz":"635665367","stype":"D","firstName":"Arvid","lastName":"Bradtke","mi":"878593971","entity":"agumon","rnk":"mega","rld":"2023-01-20 00:00:00.0","vphone":"8619","cphone":"53-3712377","hr":"nulla/exercitationem/iusto","tf":"Agent","userName":"Arvid.Bradtke59","mail":"Arvid.Bradtke59@jello.com","location":"Legacy Implementation Officer"},{"tz":"937121861","stype":"G","firstName":"Dane","lastName":"Doyle","mi":"681849822","entity":"agumon","rnk":"champion","rld":"2019-08-15 00:00:00.0","vphone":"1209","cphone":"50-6993429","hr":"illum/dolorem/at","tf":"Engineer","userName":"Dane.Doyle97","mail":"Dane.Doyle97@jello.com","location":"Corporate Infrastructure Designer"},{"tz":"106191216","stype":"E","mi":"106191216","firstName":"Margarette","lastName":"Buckridge","entity":"digimon","rnk":null,"rld":null,"vphone":"8767","cphone":"54-9335036","hr":"accusantium/ipsam/tempore","tf":"Manager","userName":"Margarette.Buckridge","mail":"Margarette.Buckridge@jello.com","location":"International Research Planner"},{"tz":"501695258","stype":"B","firstName":"Tara","lastName":"Howell","mi":"440380957","entity":"agumon","rnk":"rookie","rld":"2018-05-30 00:00:00.0","vphone":"1631","cphone":"58-9163250","hr":"quam/deserunt/quos","tf":"Liaison","userName":"Tara_Howell","mail":"Tara_Howell@jello.com","location":"Regional Branding Manager"},{"tz":"211164389","stype":"A","firstName":"Lavern","lastName":"Heaney","mi":"382892349","entity":"agumon","rnk":"rookie","rld":"2023-06-08 00:00:00.0","vphone":"2272","cphone":"56-1925879","hr":"corporis/sunt/est","tf":"Executive","userName":"Lavern_Heaney37","mail":"Lavern_Heaney37@jello.com","location":"Lead Response Planner"},{"tz":"868098682","stype":"F","mi":"868098682","firstName":"Wilhelm","lastName":"Littel","entity":"digimon","rnk":null,"rld":null,"vphone":"2896","cphone":"55-5413298","hr":"dolorem/aspernatur/enim","tf":"Director","userName":"Wilhelm.Littel","mail":"Wilhelm.Littel@jello.com","location":"Customer Response Manager"},{"tz":"459546743","stype":"F","firstName":"Heath","lastName":"Ondricka","mi":"939316160","entity":"agumon","rnk":"ultimate","rld":"2022-10-05 00:00:00.0","vphone":"2820","cphone":"50-1469622","hr":"hic/incidunt/laudantium","tf":"Associate","userName":"Heath.Ondricka","mail":"Heath.Ondricka@jello.com","location":"Investor Configuration Orchestrator"},{"tz":"893199612","stype":"C","firstName":"Laron","lastName":"Kautzer","mi":"571050260","entity":"agumon","rnk":"unknown","rld":"2023-03-23 00:00:00.0","vphone":"2996","cphone":"58-4579939","hr":"alias/dolores/officia","tf":"Analyst","userName":"Laron.Kautzer","mail":"Laron.Kautzer@jello.com","location":"Global Program Manager"},{"tz":"539584029","stype":"F","mi":"539584029","firstName":"Jermain","lastName":"Wolf","entity":"digimon","rnk":null,"rld":null,"vphone":"1746","cphone":"59-8853604","hr":"eum/repudiandae/porro","tf":"Analyst","userName":"Jermain.Wolf88","mail":"Jermain.Wolf88@jello.com","location":"Dynamic Accounts Producer"},{"tz":"755790573","stype":"A","mi":"755790573","firstName":"Lemuel","lastName":"Reynolds","entity":"digimon","rnk":null,"rld":null,"vphone":"8940","cphone":"56-8385465","hr":"veritatis/sit/dolores","tf":"Agent","userName":"Lemuel.Reynolds","mail":"Lemuel.Reynolds@jello.com","location":"Future Usability Engineer"},{"tz":"924951502","stype":"F","mi":"924951502","firstName":"Otha","lastName":"Jacobi","entity":"digimon","rnk":null,"rld":null,"vphone":"3809","cphone":"55-8025493","hr":"voluptas/distinctio/aut","tf":"Analyst","userName":"Otha.Jacobi43","mail":"Otha.Jacobi43@jello.com","location":"Forward Integration Supervisor"},{"tz":"472350115","stype":"E","firstName":"Katelyn","lastName":"Moore","mi":"738169083","entity":"agumon","rnk":"rookie","rld":"2025-04-21 00:00:00.0","vphone":"4716","cphone":"50-4219021","hr":"est/sit/vero","tf":"Associate","userName":"Katelyn89","mail":"Katelyn89@jello.com","location":"Human Configuration Producer"},{"tz":"703149658","stype":"F","mi":"703149658","firstName":"Wanda","lastName":"Corwin","entity":"digimon","rnk":null,"rld":null,"vphone":"2364","cphone":"53-3505091","hr":"explicabo/qui/non","tf":"Executive","userName":"Wanda_Corwin","mail":"Wanda_Corwin@jello.com","location":"District Web Assistant"},{"tz":"384945663","stype":"H","mi":"384945663","firstName":"Davion","lastName":"Buckridge","entity":"digimon","rnk":null,"rld":null,"vphone":"6743","cphone":"54-2315207","hr":"voluptatem/qui/rem","tf":"Manager","userName":"Davion12","mail":"Davion12@jello.com","location":"Regional Communications Producer"},{"tz":"521979070","stype":"B","mi":"521979070","firstName":"Aditya","lastName":"Waters","entity":"digimon","rnk":null,"rld":null,"vphone":"9950","cphone":"50-3197466","hr":"aspernatur/praesentium/voluptas","tf":"Facilitator","userName":"Aditya.Waters44","mail":"Aditya.Waters44@jello.com","location":"Dynamic Identity Director"},{"tz":"732280508","stype":"B","firstName":"Adelia","lastName":"Dach","mi":"182131375","entity":"agumon","rnk":"champion","rld":"2015-06-18 00:00:00.0","vphone":"8361","cphone":"55-6357269","hr":"molestiae/harum/non","tf":"Orchestrator","userName":"Adelia.Dach98","mail":"Adelia.Dach98@jello.com","location":"Human Markets Architect"},{"tz":"244166468","stype":"F","firstName":"Charlotte","lastName":"Macejkovic","mi":"157724223","entity":"agumon","rnk":"mega","rld":"2014-03-12 00:00:00.0","vphone":"5940","cphone":"56-2011886","hr":"et/sed/voluptas","tf":"Producer","userName":"Charlotte60","mail":"Charlotte60@jello.com","location":"District Assurance Developer"},{"tz":"681695334","stype":"G","firstName":"Reynold","lastName":"Brekke","mi":"829159440","entity":"agumon","rnk":"mega","rld":"2017-12-05 00:00:00.0","vphone":"6870","cphone":"50-4355257","hr":"laudantium/repellat/fugiat","tf":"Consultant","userName":"Reynold_Brekke35","mail":"Reynold_Brekke35@jello.com","location":"Investor Functionality Planner"},{"tz":"327277497","stype":"E","firstName":"Armani","lastName":"Glover","mi":"367365814","entity":"agumon","rnk":"unknown","rld":"2024-11-28 00:00:00.0","vphone":"5823","cphone":"56-8205160","hr":"omnis/odit/et","tf":"Specialist","userName":"Armani_Glover55","mail":"Armani_Glover55@jello.com","location":"Human Infrastructure Producer"},{"tz":"124392549","stype":"H","mi":"124392549","firstName":"Emelie","lastName":"Veum","entity":"digimon","rnk":null,"rld":null,"vphone":"4383","cphone":"52-9736788","hr":"unde/repudiandae/molestiae","tf":"Supervisor","userName":"Emelie_Veum74","mail":"Emelie_Veum74@jello.com","location":"Lead Security Architect"},{"tz":"742634843","stype":"B","firstName":"Cedrick","lastName":"Green","mi":"829101958","entity":"agumon","rnk":"ultimate","rld":"2018-06-21 00:00:00.0","vphone":"4983","cphone":"57-9658651","hr":"vel/ut/ut","tf":"Specialist","userName":"Cedrick71","mail":"Cedrick71@jello.com","location":"District Operations Planner"},{"tz":"162589790","stype":"B","mi":"162589790","firstName":"Claudia","lastName":"Quitzon","entity":"digimon","rnk":null,"rld":null,"vphone":"7570","cphone":"58-3649088","hr":"iusto/aut/corporis","tf":"Assistant","userName":"Claudia.Quitzon","mail":"Claudia.Quitzon@jello.com","location":"Global Metrics Administrator"},{"tz":"925279648","stype":"D","firstName":"Emmett","lastName":"Larson","mi":"562307874","entity":"agumon","rnk":"mega","rld":"2016-07-01 00:00:00.0","vphone":"7777","cphone":"51-4275892","hr":"repellendus/accusantium/sint","tf":"Coordinator","userName":"Emmett_Larson","mail":"Emmett_Larson@jello.com","location":"Senior Infrastructure Supervisor"},{"tz":"856869433","stype":"D","firstName":"Izabella","lastName":"Pfannerstill","mi":"36233044","entity":"agumon","rnk":"ultimate","rld":"2023-01-20 00:00:00.0","vphone":"4770","cphone":"59-7321043","hr":"corrupti/possimus/sapiente","tf":"Administrator","userName":"Izabella_Pfannerstill45","mail":"Izabella_Pfannerstill45@jello.com","location":"Corporate Markets Coordinator"},{"tz":"370222606","stype":"A","firstName":"Mertie","lastName":"Schneider","mi":"344070475","entity":"agumon","rnk":"champion","rld":"2021-06-08 00:00:00.0","vphone":"6012","cphone":"54-7010724","hr":"veritatis/rerum/temporibus","tf":"Developer","userName":"Mertie.Schneider19","mail":"Mertie.Schneider19@jello.com","location":"Investor Accounts Manager"},{"tz":"514805704","stype":"H","mi":"514805704","firstName":"Helena","lastName":"Runolfsson","entity":"digimon","rnk":null,"rld":null,"vphone":"6979","cphone":"50-4295462","hr":"deserunt/sequi/ut","tf":"Representative","userName":"Helena.Runolfsson85","mail":"Helena.Runolfsson85@jello.com","location":"Future Data Facilitator"},{"tz":"980139042","stype":"F","firstName":"Aiyana","lastName":"Roob","mi":"104837302","entity":"agumon","rnk":"mega","rld":"2017-05-22 00:00:00.0","vphone":"8386","cphone":"51-4509450","hr":"eligendi/non/rerum","tf":"Agent","userName":"Aiyana_Roob19","mail":"Aiyana_Roob19@jello.com","location":"National Paradigm Strategist"},{"tz":"477691224","stype":"G","firstName":"Alycia","lastName":"Green","mi":"186638732","entity":"agumon","rnk":"mega","rld":"2016-07-25 00:00:00.0","vphone":"6473","cphone":"54-6357784","hr":"assumenda/excepturi/ipsum","tf":"Architect","userName":"Alycia58","mail":"Alycia58@jello.com","location":"Corporate Optimization Producer"},{"tz":"683379143","stype":"F","firstName":"Hector","lastName":"Nicolas","mi":"375300173","entity":"agumon","rnk":"unknown","rld":"2022-09-07 00:00:00.0","vphone":"9197","cphone":"58-3120094","hr":"illo/a/quibusdam","tf":"Associate","userName":"Hector11","mail":"Hector11@jello.com","location":"National Factors Producer"},{"tz":"415123439","stype":"F","mi":"415123439","firstName":"Novella","lastName":"Jenkins","entity":"digimon","rnk":null,"rld":null,"vphone":"6311","cphone":"52-3819426","hr":"consequatur/quae/doloremque","tf":"Manager","userName":"Novella.Jenkins37","mail":"Novella.Jenkins37@jello.com","location":"Human Creative Architect"},{"tz":"368391462","stype":"G","firstName":"Felicita","lastName":"Schuster","mi":"534245036","entity":"agumon","rnk":"ultimate","rld":"2019-05-04 00:00:00.0","vphone":"6833","cphone":"54-8642869","hr":"assumenda/quo/voluptatem","tf":"Associate","userName":"Felicita14","mail":"Felicita14@jello.com","location":"Central Accounts Developer"},{"tz":"981602642","stype":"B","mi":"981602642","firstName":"Emerson","lastName":"Brekke","entity":"digimon","rnk":null,"rld":null,"vphone":"5700","cphone":"56-1474358","hr":"in/id/sed","tf":"Engineer","userName":"Emerson8","mail":"Emerson8@jello.com","location":"International Creative Associate"},{"tz":"396827842","stype":"B","mi":"396827842","firstName":"Wilson","lastName":"Okuneva","entity":"digimon","rnk":null,"rld":null,"vphone":"1633","cphone":"58-7902678","hr":"qui/laudantium/corporis","tf":"Strategist","userName":"Wilson_Okuneva","mail":"Wilson_Okuneva@jello.com","location":"Principal Functionality Administrator"}]