[{"mi":"688006210","telephone":"4565086","ktelephone":"52","telephoneType":1},{"mi":"654823479","telephone":"3166510","ktelephone":"50","telephoneType":1},{"mi":"175561681","telephone":"4289217","ktelephone":"56","telephoneType":2},{"mi":"575129316","telephone":"9366434","ktelephone":"52","telephoneType":1},{"mi":"613166843","telephone":"3713575","ktelephone":"50","telephoneType":1},{"mi":"254913495","telephone":"8049162","ktelephone":"52","telephoneType":2},{"mi":"490929205","telephone":"1706692","ktelephone":"56","telephoneType":1},{"mi":"419994631","telephone":"2105650","ktelephone":"56","telephoneType":1},{"mi":"567642673","telephone":"2516090","ktelephone":"53","telephoneType":1},{"mi":"272561333","telephone":"2670915","ktelephone":"51","telephoneType":2},{"mi":"155056913","telephone":"3804043","ktelephone":"59","telephoneType":2},{"mi":"265851387","telephone":"2631112","ktelephone":"51","telephoneType":1},{"mi":"862142013","telephone":"4235814","ktelephone":"53","telephoneType":1},{"mi":"5877426","telephone":"4396882","ktelephone":"55","telephoneType":2},{"mi":"332557893","telephone":"8921882","ktelephone":"57","telephoneType":2},{"mi":"907460945","telephone":"1789230","ktelephone":"50","telephoneType":1},{"mi":"14253818","telephone":"3981725","ktelephone":"55","telephoneType":2},{"mi":"167599268","telephone":"8033227","ktelephone":"57","telephoneType":2},{"mi":"379886024","telephone":"3854616","ktelephone":"51","telephoneType":2},{"mi":"332057824","telephone":"9075525","ktelephone":"54","telephoneType":2},{"mi":"307617621","telephone":"4298376","ktelephone":"52","telephoneType":2},{"mi":"712617867","telephone":"5743783","ktelephone":"50","telephoneType":2},{"mi":"654095104","telephone":"4075858","ktelephone":"56","telephoneType":2},{"mi":"995508271","telephone":"2731945","ktelephone":"50","telephoneType":2},{"mi":"128914224","telephone":"7078836","ktelephone":"58","telephoneType":1},{"mi":"996067720","telephone":"7680844","ktelephone":"58","telephoneType":1},{"mi":"674958820","telephone":"5186156","ktelephone":"54","telephoneType":2},{"mi":"491148805","telephone":"9889983","ktelephone":"59","telephoneType":1},{"mi":"347361833","telephone":"7738744","ktelephone":"53","telephoneType":2},{"mi":"848274329","telephone":"4128420","ktelephone":"56","telephoneType":2},{"mi":"136736487","telephone":"5310775","ktelephone":"54","telephoneType":2},{"mi":"918854815","telephone":"4089737","ktelephone":"56","telephoneType":1},{"mi":"745191975","telephone":"6413336","ktelephone":"58","telephoneType":2},{"mi":"837548770","telephone":"3638000","ktelephone":"52","telephoneType":1},{"mi":"663963440","telephone":"3282328","ktelephone":"52","telephoneType":1},{"mi":"689673115","telephone":"4753941","ktelephone":"54","telephoneType":1},{"mi":"797422990","telephone":"6294331","ktelephone":"52","telephoneType":1},{"mi":"451638054","telephone":"2554425","ktelephone":"53","telephoneType":1},{"mi":"183918891","telephone":"6052883","ktelephone":"56","telephoneType":2},{"mi":"82563879","telephone":"8582051","ktelephone":"55","telephoneType":2},{"mi":"25468416","telephone":"4762817","ktelephone":"58","telephoneType":1},{"mi":"148188487","telephone":"2112785","ktelephone":"51","telephoneType":2},{"mi":"503928568","telephone":"9476058","ktelephone":"50","telephoneType":1},{"mi":"562936507","telephone":"4148976","ktelephone":"58","telephoneType":1},{"mi":"72870684","telephone":"9953346","ktelephone":"59","telephoneType":1},{"mi":"236902166","telephone":"8027207","ktelephone":"56","telephoneType":1},{"mi":"319653277","telephone":"1905864","ktelephone":"51","telephoneType":1},{"mi":"494997897","telephone":"4004104","ktelephone":"57","telephoneType":1},{"mi":"480084094","telephone":"1913255","ktelephone":"56","telephoneType":2},{"mi":"611100907","telephone":"9427382","ktelephone":"52","telephoneType":1},{"mi":"360762713","telephone":"7541695","ktelephone":"57","telephoneType":1},{"mi":"793983953","telephone":"3916335","ktelephone":"59","telephoneType":1},{"mi":"381802152","telephone":"6310973","ktelephone":"59","telephoneType":1},{"mi":"793201865","telephone":"1232959","ktelephone":"53","telephoneType":2},{"mi":"3403383","telephone":"2950621","ktelephone":"51","telephoneType":2},{"mi":"120143371","telephone":"7306650","ktelephone":"58","telephoneType":2},{"mi":"133766729","telephone":"9660131","ktelephone":"56","telephoneType":1},{"mi":"637208790","telephone":"3753795","ktelephone":"57","telephoneType":1},{"mi":"553677235","telephone":"6057545","ktelephone":"55","telephoneType":1},{"mi":"944531907","telephone":"1273647","ktelephone":"50","telephoneType":1},{"mi":"418336143","telephone":"2815643","ktelephone":"52","telephoneType":2},{"mi":"87337588","telephone":"3935328","ktelephone":"57","telephoneType":2},{"mi":"992550726","telephone":"3546317","ktelephone":"58","telephoneType":1},{"mi":"795253801","telephone":"5701089","ktelephone":"59","telephoneType":1},{"mi":"637456567","telephone":"6063267","ktelephone":"56","telephoneType":2},{"mi":"655243591","telephone":"6223877","ktelephone":"57","telephoneType":1},{"mi":"714411081","telephone":"3861844","ktelephone":"53","telephoneType":2},{"mi":"846386803","telephone":"1249646","ktelephone":"58","telephoneType":1},{"mi":"622632722","telephone":"2471307","ktelephone":"52","telephoneType":1},{"mi":"910018804","telephone":"3790990","ktelephone":"56","telephoneType":1},{"mi":"765080082","telephone":"5530467","ktelephone":"57","telephoneType":1},{"mi":"809225546","telephone":"1630543","ktelephone":"57","telephoneType":2},{"mi":"411377306","telephone":"2544864","ktelephone":"51","telephoneType":2},{"mi":"539506824","telephone":"7147858","ktelephone":"57","telephoneType":2},{"mi":"769162273","telephone":"1436676","ktelephone":"57","telephoneType":2},{"mi":"226176954","telephone":"5729597","ktelephone":"57","telephoneType":2},{"mi":"860387820","telephone":"5680061","ktelephone":"50","telephoneType":1},{"mi":"519567157","telephone":"2107032","ktelephone":"51","telephoneType":2},{"mi":"604869111","telephone":"4482443","ktelephone":"50","telephoneType":2},{"mi":"602577276","telephone":"2599385","ktelephone":"51","telephoneType":2},{"mi":"967195748","telephone":"7843809","ktelephone":"59","telephoneType":2},{"mi":"515727269","telephone":"1910056","ktelephone":"53","telephoneType":1},{"mi":"269328163","telephone":"8791379","ktelephone":"59","telephoneType":1},{"mi":"808110510","telephone":"2431738","ktelephone":"58","telephoneType":2},{"mi":"523547113","telephone":"8602454","ktelephone":"58","telephoneType":2},{"mi":"237524413","telephone":"7419398","ktelephone":"56","telephoneType":2},{"mi":"794325086","telephone":"8855237","ktelephone":"57","telephoneType":1},{"mi":"771874162","telephone":"9127155","ktelephone":"57","telephoneType":1},{"mi":"886576212","telephone":"5052782","ktelephone":"54","telephoneType":2},{"mi":"785556618","telephone":"9664728","ktelephone":"53","telephoneType":1},{"mi":"986570955","telephone":"4360293","ktelephone":"55","telephoneType":2},{"mi":"1753792","telephone":"7702726","ktelephone":"50","telephoneType":1},{"mi":"583311416","telephone":"6103390","ktelephone":"54","telephoneType":1},{"mi":"505981063","telephone":"4000959","ktelephone":"53","telephoneType":1},{"mi":"213942102","telephone":"7017427","ktelephone":"53","telephoneType":1},{"mi":"504112381","telephone":"2829062","ktelephone":"52","telephoneType":1},{"mi":"703332183","telephone":"5227149","ktelephone":"53","telephoneType":2},{"mi":"459681733","telephone":"7450173","ktelephone":"51","telephoneType":2},{"mi":"207102243","telephone":"9632277","ktelephone":"53","telephoneType":2},{"mi":"344835021","telephone":"9511388","ktelephone":"53","telephoneType":1},{"mi":"597805915","telephone":"9373022","ktelephone":"56","telephoneType":2},{"mi":"695361218","telephone":"2787489","ktelephone":"58","telephoneType":1},{"mi":"639897323","telephone":"3778619","ktelephone":"54","telephoneType":2},{"mi":"891191722","telephone":"3643812","ktelephone":"54","telephoneType":1},{"mi":"405317150","telephone":"3418909","ktelephone":"51","telephoneType":1},{"mi":"226329195","telephone":"8583718","ktelephone":"56","telephoneType":2},{"mi":"726723663","telephone":"9333146","ktelephone":"58","telephoneType":1},{"mi":"885360249","telephone":"3760489","ktelephone":"59","telephoneType":1},{"mi":"356048282","telephone":"8278689","ktelephone":"54","telephoneType":1},{"mi":"978757510","telephone":"6855829","ktelephone":"54","telephoneType":1},{"mi":"417561475","telephone":"3261149","ktelephone":"52","telephoneType":2},{"mi":"255434011","telephone":"5493499","ktelephone":"55","telephoneType":2},{"mi":"363766199","telephone":"5311161","ktelephone":"58","telephoneType":2},{"mi":"438038587","telephone":"1043271","ktelephone":"53","telephoneType":2},{"mi":"856055054","telephone":"2175364","ktelephone":"50","telephoneType":1},{"mi":"384855839","telephone":"8578149","ktelephone":"53","telephoneType":2},{"mi":"384141980","telephone":"9311675","ktelephone":"52","telephoneType":2},{"mi":"292804711","telephone":"8533287","ktelephone":"57","telephoneType":2},{"mi":"22411200","telephone":"8380818","ktelephone":"53","telephoneType":2},{"mi":"793511238","telephone":"7459000","ktelephone":"53","telephoneType":1},{"mi":"37908705","telephone":"5204396","ktelephone":"57","telephoneType":1},{"mi":"968233275","telephone":"5557492","ktelephone":"58","telephoneType":2},{"mi":"214826554","telephone":"6023047","ktelephone":"52","telephoneType":2},{"mi":"346297837","telephone":"2620362","ktelephone":"51","telephoneType":2},{"mi":"837888994","telephone":"6448936","ktelephone":"57","telephoneType":1},{"mi":"206211684","telephone":"4752956","ktelephone":"56","telephoneType":1},{"mi":"765571654","telephone":"6917621","ktelephone":"56","telephoneType":2},{"mi":"455150987","telephone":"7442212","ktelephone":"55","telephoneType":1},{"mi":"995232333","telephone":"5376824","ktelephone":"52","telephoneType":2},{"mi":"206977965","telephone":"1753140","ktelephone":"53","telephoneType":2},{"mi":"421624161","telephone":"9544106","ktelephone":"50","telephoneType":2},{"mi":"308122577","telephone":"5420253","ktelephone":"59","telephoneType":2},{"mi":"643947792","telephone":"8425186","ktelephone":"52","telephoneType":1},{"mi":"678838714","telephone":"2329894","ktelephone":"51","telephoneType":2},{"mi":"456724450","telephone":"9609649","ktelephone":"50","telephoneType":2},{"mi":"345776390","telephone":"8447286","ktelephone":"55","telephoneType":2},{"mi":"380934019","telephone":"3691378","ktelephone":"53","telephoneType":1},{"mi":"87455914","telephone":"9874211","ktelephone":"56","telephoneType":1},{"mi":"822082197","telephone":"8347512","ktelephone":"52","telephoneType":2},{"mi":"629935717","telephone":"5208836","ktelephone":"52","telephoneType":2},{"mi":"925886923","telephone":"9083198","ktelephone":"54","telephoneType":2},{"mi":"275288710","telephone":"3439481","ktelephone":"51","telephoneType":2},{"mi":"989975404","telephone":"6834645","ktelephone":"57","telephoneType":1},{"mi":"135638101","telephone":"7257907","ktelephone":"58","telephoneType":2},{"mi":"341433566","telephone":"1963235","ktelephone":"52","telephoneType":2},{"mi":"195379437","telephone":"6095870","ktelephone":"51","telephoneType":2},{"mi":"373126051","telephone":"2817198","ktelephone":"57","telephoneType":2},{"mi":"295745736","telephone":"3264375","ktelephone":"51","telephoneType":2},{"mi":"29582180","telephone":"4188104","ktelephone":"56","telephoneType":1},{"mi":"183555374","telephone":"1684005","ktelephone":"54","telephoneType":2},{"mi":"313721546","telephone":"3168424","ktelephone":"58","telephoneType":1},{"mi":"502749441","telephone":"9133045","ktelephone":"52","telephoneType":1},{"mi":"775134624","telephone":"3337344","ktelephone":"52","telephoneType":1},{"mi":"662067420","telephone":"7027332","ktelephone":"51","telephoneType":1},{"mi":"401227493","telephone":"3584145","ktelephone":"56","telephoneType":2},{"mi":"403312359","telephone":"7885374","ktelephone":"51","telephoneType":2},{"mi":"695110207","telephone":"1083561","ktelephone":"54","telephoneType":2},{"mi":"668731594","telephone":"6852499","ktelephone":"51","telephoneType":2},{"mi":"509000950","telephone":"5905319","ktelephone":"51","telephoneType":2},{"mi":"915317201","telephone":"6490266","ktelephone":"58","telephoneType":1},{"mi":"177253807","telephone":"9342307","ktelephone":"53","telephoneType":1},{"mi":"554863581","telephone":"3377198","ktelephone":"53","telephoneType":1},{"mi":"763873596","telephone":"2822501","ktelephone":"56","telephoneType":2},{"mi":"64903417","telephone":"7959342","ktelephone":"55","telephoneType":2},{"mi":"493233128","telephone":"6147369","ktelephone":"58","telephoneType":1},{"mi":"676266980","telephone":"5877956","ktelephone":"55","telephoneType":2},{"mi":"928840389","telephone":"2291877","ktelephone":"52","telephoneType":2},{"mi":"285515030","telephone":"3036627","ktelephone":"55","telephoneType":2},{"mi":"329706224","telephone":"1129886","ktelephone":"57","telephoneType":2},{"mi":"473861862","telephone":"6880961","ktelephone":"58","telephoneType":1},{"mi":"587198789","telephone":"1415872","ktelephone":"58","telephoneType":1},{"mi":"399740530","telephone":"5870545","ktelephone":"59","telephoneType":1},{"mi":"817990142","telephone":"8293105","ktelephone":"58","telephoneType":2},{"mi":"263400503","telephone":"4907959","ktelephone":"52","telephoneType":1},{"mi":"607877999","telephone":"1836806","ktelephone":"55","telephoneType":2},{"mi":"341822548","telephone":"2802954","ktelephone":"50","telephoneType":2},{"mi":"664887270","telephone":"5321312","ktelephone":"55","telephoneType":2},{"mi":"908732839","telephone":"1758343","ktelephone":"50","telephoneType":1},{"mi":"879015645","telephone":"8719965","ktelephone":"51","telephoneType":1},{"mi":"143991202","telephone":"8976154","ktelephone":"52","telephoneType":1},{"mi":"724547600","telephone":"4995899","ktelephone":"57","telephoneType":1},{"mi":"439069735","telephone":"7491979","ktelephone":"53","telephoneType":2},{"mi":"349240608","telephone":"8995576","ktelephone":"50","telephoneType":1},{"mi":"920307747","telephone":"1597918","ktelephone":"59","telephoneType":1},{"mi":"539518916","telephone":"8725104","ktelephone":"51","telephoneType":2},{"mi":"637437525","telephone":"3129168","ktelephone":"55","telephoneType":2},{"mi":"93724984","telephone":"1161383","ktelephone":"54","telephoneType":2},{"mi":"813254562","telephone":"8525153","ktelephone":"54","telephoneType":2},{"mi":"208988957","telephone":"7235622","ktelephone":"50","telephoneType":1},{"mi":"962620276","telephone":"7211722","ktelephone":"59","telephoneType":1},{"mi":"864537236","telephone":"2035828","ktelephone":"51","telephoneType":2},{"mi":"963085617","telephone":"4327557","ktelephone":"52","telephoneType":1},{"mi":"875825156","telephone":"4682357","ktelephone":"58","telephoneType":2},{"mi":"562245970","telephone":"2590133","ktelephone":"57","telephoneType":2},{"mi":"132273270","telephone":"8228608","ktelephone":"55","telephoneType":2},{"mi":"674689364","telephone":"6600987","ktelephone":"50","telephoneType":2},{"mi":"541693864","telephone":"2408407","ktelephone":"53","telephoneType":2},{"mi":"163336449","telephone":"5874349","ktelephone":"59","telephoneType":1},{"mi":"17126903","telephone":"3944447","ktelephone":"56","telephoneType":1},{"mi":"761415468","telephone":"4675890","ktelephone":"54","telephoneType":2},{"mi":"2701410","telephone":"3686512","ktelephone":"51","telephoneType":2},{"mi":"263987280","telephone":"8044530","ktelephone":"57","telephoneType":2},{"mi":"736266850","telephone":"9041482","ktelephone":"53","telephoneType":2},{"mi":"94461450","telephone":"8040992","ktelephone":"51","telephoneType":1},{"mi":"585010509","telephone":"3454693","ktelephone":"59","telephoneType":2},{"mi":"857117098","telephone":"4326988","ktelephone":"50","telephoneType":2},{"mi":"313280881","telephone":"3189144","ktelephone":"54","telephoneType":1},{"mi":"422742158","telephone":"1815347","ktelephone":"50","telephoneType":2},{"mi":"18499995","telephone":"6257755","ktelephone":"51","telephoneType":2},{"mi":"290441481","telephone":"1220040","ktelephone":"54","telephoneType":1},{"mi":"991129817","telephone":"7749833","ktelephone":"54","telephoneType":1},{"mi":"59500334","telephone":"9282036","ktelephone":"51","telephoneType":2},{"mi":"991680177","telephone":"6161989","ktelephone":"53","telephoneType":1},{"mi":"887629411","telephone":"7536583","ktelephone":"59","telephoneType":1},{"mi":"194554162","telephone":"6239768","ktelephone":"58","telephoneType":2},{"mi":"473451070","telephone":"6316213","ktelephone":"56","telephoneType":2},{"mi":"977474355","telephone":"7177514","ktelephone":"58","telephoneType":1},{"mi":"319389659","telephone":"2717568","ktelephone":"50","telephoneType":2},{"mi":"569895409","telephone":"2407664","ktelephone":"51","telephoneType":1},{"mi":"772900389","telephone":"3472662","ktelephone":"57","telephoneType":1},{"mi":"577044901","telephone":"7682534","ktelephone":"57","telephoneType":1},{"mi":"170724978","telephone":"1133737","ktelephone":"52","telephoneType":1},{"mi":"740975613","telephone":"1836731","ktelephone":"52","telephoneType":2},{"mi":"821624122","telephone":"1815538","ktelephone":"52","telephoneType":2},{"mi":"308306396","telephone":"3868610","ktelephone":"59","telephoneType":1},{"mi":"152497983","telephone":"8375979","ktelephone":"58","telephoneType":1},{"mi":"815880604","telephone":"5856218","ktelephone":"55","telephoneType":2},{"mi":"583236829","telephone":"2263485","ktelephone":"58","telephoneType":1},{"mi":"837700823","telephone":"6298931","ktelephone":"57","telephoneType":1},{"mi":"655266418","telephone":"7881567","ktelephone":"54","telephoneType":2},{"mi":"617741484","telephone":"4976767","ktelephone":"55","telephoneType":2},{"mi":"784921235","telephone":"1579644","ktelephone":"54","telephoneType":2},{"mi":"298650308","telephone":"2018825","ktelephone":"50","telephoneType":2},{"mi":"688083979","telephone":"6634066","ktelephone":"55","telephoneType":2},{"mi":"809996529","telephone":"2533158","ktelephone":"51","telephoneType":1},{"mi":"544488436","telephone":"4053140","ktelephone":"50","telephoneType":1},{"mi":"174353190","telephone":"1658333","ktelephone":"50","telephoneType":2},{"mi":"788586605","telephone":"4203863","ktelephone":"53","telephoneType":2},{"mi":"477228611","telephone":"5789269","ktelephone":"53","telephoneType":1},{"mi":"117347928","telephone":"5986475","ktelephone":"54","telephoneType":1},{"mi":"50117755","telephone":"6076865","ktelephone":"55","telephoneType":2},{"mi":"883183972","telephone":"4161506","ktelephone":"51","telephoneType":1},{"mi":"538536524","telephone":"6386152","ktelephone":"56","telephoneType":1},{"mi":"517074029","telephone":"5521560","ktelephone":"55","telephoneType":2},{"mi":"304803829","telephone":"2039173","ktelephone":"51","telephoneType":1},{"mi":"138941366","telephone":"7424339","ktelephone":"58","telephoneType":2},{"mi":"965579739","telephone":"6626821","ktelephone":"56","telephoneType":1},{"mi":"847191145","telephone":"1477464","ktelephone":"53","telephoneType":1},{"mi":"699883901","telephone":"2922131","ktelephone":"52","telephoneType":1},{"mi":"825099181","telephone":"7530258","ktelephone":"55","telephoneType":1},{"mi":"231636881","telephone":"2689048","ktelephone":"52","telephoneType":2},{"mi":"541422809","telephone":"1875423","ktelephone":"57","telephoneType":1},{"mi":"399737320","telephone":"1157564","ktelephone":"53","telephoneType":2},{"mi":"155780892","telephone":"5394653","ktelephone":"50","telephoneType":1},{"mi":"997789581","telephone":"2022021","ktelephone":"55","telephoneType":2},{"mi":"646239431","telephone":"7654857","ktelephone":"51","telephoneType":2},{"mi":"864471039","telephone":"4792731","ktelephone":"58","telephoneType":1},{"mi":"311114004","telephone":"1550097","ktelephone":"51","telephoneType":1},{"mi":"124658886","telephone":"3096924","ktelephone":"59","telephoneType":2},{"mi":"94342000","telephone":"8513032","ktelephone":"58","telephoneType":1},{"mi":"893673169","telephone":"6339316","ktelephone":"57","telephoneType":1},{"mi":"69741411","telephone":"5050499","ktelephone":"55","telephoneType":1},{"mi":"91589584","telephone":"7599787","ktelephone":"56","telephoneType":2},{"mi":"697436460","telephone":"7430974","ktelephone":"58","telephoneType":1},{"mi":"41008690","telephone":"9507625","ktelephone":"51","telephoneType":2},{"mi":"668361112","telephone":"1376730","ktelephone":"58","telephoneType":1},{"mi":"466572414","telephone":"3489943","ktelephone":"59","telephoneType":2},{"mi":"390957892","telephone":"7215606","ktelephone":"54","telephoneType":2},{"mi":"924866767","telephone":"3292520","ktelephone":"56","telephoneType":1},{"mi":"545675661","telephone":"6236495","ktelephone":"59","telephoneType":1},{"mi":"511760678","telephone":"8735402","ktelephone":"53","telephoneType":1},{"mi":"509316194","telephone":"9111201","ktelephone":"50","telephoneType":1},{"mi":"273946632","telephone":"8460237","ktelephone":"50","telephoneType":1},{"mi":"967619531","telephone":"6968141","ktelephone":"50","telephoneType":2},{"mi":"330010228","telephone":"1594664","ktelephone":"57","telephoneType":2},{"mi":"689149318","telephone":"2251946","ktelephone":"52","telephoneType":1},{"mi":"900529804","telephone":"8296118","ktelephone":"50","telephoneType":2},{"mi":"859045054","telephone":"8473350","ktelephone":"52","telephoneType":1},{"mi":"412913784","telephone":"2150372","ktelephone":"50","telephoneType":1},{"mi":"850929436","telephone":"9714901","ktelephone":"55","telephoneType":1},{"mi":"992666538","telephone":"4374691","ktelephone":"56","telephoneType":2},{"mi":"809407297","telephone":"7702041","ktelephone":"51","telephoneType":2},{"mi":"966261053","telephone":"5694786","ktelephone":"57","telephoneType":2},{"mi":"55842360","telephone":"8740548","ktelephone":"52","telephoneType":2},{"mi":"753118589","telephone":"2266872","ktelephone":"50","telephoneType":1},{"mi":"844027608","telephone":"9511239","ktelephone":"58","telephoneType":2},{"mi":"822075711","telephone":"7490931","ktelephone":"50","telephoneType":2},{"mi":"142999243","telephone":"6695398","ktelephone":"56","telephoneType":1},{"mi":"630758550","telephone":"1645458","ktelephone":"55","telephoneType":2},{"mi":"439435285","telephone":"4668001","ktelephone":"59","telephoneType":1},{"mi":"325827473","telephone":"6734557","ktelephone":"54","telephoneType":2},{"mi":"463810449","telephone":"4977721","ktelephone":"52","telephoneType":1},{"mi":"831722073","telephone":"5932010","ktelephone":"57","telephoneType":2},{"mi":"895199442","telephone":"9984416","ktelephone":"58","telephoneType":2},{"mi":"553630063","telephone":"1576452","ktelephone":"51","telephoneType":1},{"mi":"710698702","telephone":"6536681","ktelephone":"55","telephoneType":2},{"mi":"311184335","telephone":"1901820","ktelephone":"50","telephoneType":2},{"mi":"48098050","telephone":"3226638","ktelephone":"56","telephoneType":2},{"mi":"874505670","telephone":"7741643","ktelephone":"56","telephoneType":2},{"mi":"600316986","telephone":"3600135","ktelephone":"57","telephoneType":1},{"mi":"740426497","telephone":"3265143","ktelephone":"59","telephoneType":1},{"mi":"555216687","telephone":"1787372","ktelephone":"55","telephoneType":2},{"mi":"224634197","telephone":"8275958","ktelephone":"50","telephoneType":2},{"mi":"474853241","telephone":"3240406","ktelephone":"56","telephoneType":2},{"mi":"898552852","telephone":"8876518","ktelephone":"53","telephoneType":2},{"mi":"793515227","telephone":"6769495","ktelephone":"55","telephoneType":2},{"mi":"576958187","telephone":"7253113","ktelephone":"58","telephoneType":2},{"mi":"289571346","telephone":"7022053","ktelephone":"57","telephoneType":1},{"mi":"672219675","telephone":"9830009","ktelephone":"59","telephoneType":1},{"mi":"73773255","telephone":"3905552","ktelephone":"59","telephoneType":2},{"mi":"276351529","telephone":"3029511","ktelephone":"51","telephoneType":1},{"mi":"186070020","telephone":"8497123","ktelephone":"52","telephoneType":2},{"mi":"722262026","telephone":"5410731","ktelephone":"50","telephoneType":2},{"mi":"332587142","telephone":"4789656","ktelephone":"51","telephoneType":2},{"mi":"390175339","telephone":"4466142","ktelephone":"53","telephoneType":2},{"mi":"996695626","telephone":"4967125","ktelephone":"54","telephoneType":1},{"mi":"987627775","telephone":"2978340","ktelephone":"57","telephoneType":2},{"mi":"568935297","telephone":"4596558","ktelephone":"50","telephoneType":1},{"mi":"857075329","telephone":"9352932","ktelephone":"52","telephoneType":1},{"mi":"609127029","telephone":"7178096","ktelephone":"56","telephoneType":2},{"mi":"198709229","telephone":"5261383","ktelephone":"52","telephoneType":2},{"mi":"130085303","telephone":"5184160","ktelephone":"58","telephoneType":2},{"mi":"980514941","telephone":"4178824","ktelephone":"54","telephoneType":1},{"mi":"448496146","telephone":"4979527","ktelephone":"55","telephoneType":1},{"mi":"617294387","telephone":"9440558","ktelephone":"56","telephoneType":2},{"mi":"747217673","telephone":"7496596","ktelephone":"55","telephoneType":1},{"mi":"952373800","telephone":"1981011","ktelephone":"58","telephoneType":2},{"mi":"976908088","telephone":"4331525","ktelephone":"55","telephoneType":2},{"mi":"8135622","telephone":"3412893","ktelephone":"59","telephoneType":1},{"mi":"718452361","telephone":"8286186","ktelephone":"50","telephoneType":2},{"mi":"756451397","telephone":"9885887","ktelephone":"53","telephoneType":2},{"mi":"564780726","telephone":"1890218","ktelephone":"53","telephoneType":2},{"mi":"751616615","telephone":"6993748","ktelephone":"56","telephoneType":2},{"mi":"703780092","telephone":"8527340","ktelephone":"50","telephoneType":1},{"mi":"427845712","telephone":"3723677","ktelephone":"51","telephoneType":2},{"mi":"106111050","telephone":"2106042","ktelephone":"56","telephoneType":2},{"mi":"288212785","telephone":"2347682","ktelephone":"57","telephoneType":1},{"mi":"127207694","telephone":"3946625","ktelephone":"51","telephoneType":1},{"mi":"369815134","telephone":"8887125","ktelephone":"57","telephoneType":2},{"mi":"335247146","telephone":"7121444","ktelephone":"59","telephoneType":1},{"mi":"472085075","telephone":"2753867","ktelephone":"56","telephoneType":1},{"mi":"101034885","telephone":"7298320","ktelephone":"53","telephoneType":2},{"mi":"956404161","telephone":"4177504","ktelephone":"51","telephoneType":1},{"mi":"229603544","telephone":"1202785","ktelephone":"58","telephoneType":1},{"mi":"295036989","telephone":"8438675","ktelephone":"50","telephoneType":2},{"mi":"455305320","telephone":"1078083","ktelephone":"55","telephoneType":1},{"mi":"673033019","telephone":"3564484","ktelephone":"59","telephoneType":2},{"mi":"486126065","telephone":"6406339","ktelephone":"52","telephoneType":1},{"mi":"889414848","telephone":"6402646","ktelephone":"51","telephoneType":2},{"mi":"218479349","telephone":"9519418","ktelephone":"52","telephoneType":2},{"mi":"763630382","telephone":"3901951","ktelephone":"56","telephoneType":2},{"mi":"821273862","telephone":"5841626","ktelephone":"58","telephoneType":1},{"mi":"450186050","telephone":"7779541","ktelephone":"51","telephoneType":2},{"mi":"196144111","telephone":"9484183","ktelephone":"50","telephoneType":2},{"mi":"370967665","telephone":"9939427","ktelephone":"54","telephoneType":2},{"mi":"527737753","telephone":"3393078","ktelephone":"59","telephoneType":1},{"mi":"308413062","telephone":"6829426","ktelephone":"54","telephoneType":2},{"mi":"185199531","telephone":"1992581","ktelephone":"57","telephoneType":2},{"mi":"976366062","telephone":"5431209","ktelephone":"53","telephoneType":1},{"mi":"974088968","telephone":"4065405","ktelephone":"55","telephoneType":1},{"mi":"525384379","telephone":"6783297","ktelephone":"51","telephoneType":2},{"mi":"954633986","telephone":"8327293","ktelephone":"57","telephoneType":1},{"mi":"507183096","telephone":"9246878","ktelephone":"58","telephoneType":1},{"mi":"968001890","telephone":"2953913","ktelephone":"51","telephoneType":2},{"mi":"910244894","telephone":"7755107","ktelephone":"59","telephoneType":2},{"mi":"260159947","telephone":"6159845","ktelephone":"50","telephoneType":1},{"mi":"184166686","telephone":"6366750","ktelephone":"58","telephoneType":2},{"mi":"439435548","telephone":"9710612","ktelephone":"59","telephoneType":1},{"mi":"220858108","telephone":"4610655","ktelephone":"55","telephoneType":1},{"mi":"922117164","telephone":"5834612","ktelephone":"51","telephoneType":2},{"mi":"66616193","telephone":"3425484","ktelephone":"51","telephoneType":2},{"mi":"414774373","telephone":"1918006","ktelephone":"52","telephoneType":1},{"mi":"908803806","telephone":"2806708","ktelephone":"55","telephoneType":2},{"mi":"963914427","telephone":"8793501","ktelephone":"57","telephoneType":1},{"mi":"950063773","telephone":"4581068","ktelephone":"54","telephoneType":2},{"mi":"685299174","telephone":"1862609","ktelephone":"55","telephoneType":2},{"mi":"950142520","telephone":"5999856","ktelephone":"50","telephoneType":1},{"mi":"927039656","telephone":"9924379","ktelephone":"55","telephoneType":2},{"mi":"990429482","telephone":"8610402","ktelephone":"57","telephoneType":2},{"mi":"323545191","telephone":"3281873","ktelephone":"51","telephoneType":2},{"mi":"45524016","telephone":"8257434","ktelephone":"57","telephoneType":2},{"mi":"15573413","telephone":"7507913","ktelephone":"57","telephoneType":2},{"mi":"222106079","telephone":"4741887","ktelephone":"56","telephoneType":1},{"mi":"300507973","telephone":"9007372","ktelephone":"51","telephoneType":1},{"mi":"597418385","telephone":"5631327","ktelephone":"50","telephoneType":2},{"mi":"882342126","telephone":"8246700","ktelephone":"51","telephoneType":2},{"mi":"129754800","telephone":"7844942","ktelephone":"55","telephoneType":1},{"mi":"785213503","telephone":"6330348","ktelephone":"55","telephoneType":1},{"mi":"779844164","telephone":"8270535","ktelephone":"53","telephoneType":2},{"mi":"702542181","telephone":"5455649","ktelephone":"54","telephoneType":2},{"mi":"612207790","telephone":"5108827","ktelephone":"58","telephoneType":1},{"mi":"561464393","telephone":"6985416","ktelephone":"53","telephoneType":1},{"mi":"304700632","telephone":"7554185","ktelephone":"51","telephoneType":1},{"mi":"106546418","telephone":"7045894","ktelephone":"57","telephoneType":1},{"mi":"617888145","telephone":"9095457","ktelephone":"50","telephoneType":1},{"mi":"279015971","telephone":"5598835","ktelephone":"53","telephoneType":1},{"mi":"939734478","telephone":"5804799","ktelephone":"57","telephoneType":2},{"mi":"573533313","telephone":"2795168","ktelephone":"55","telephoneType":1},{"mi":"359903696","telephone":"6990179","ktelephone":"53","telephoneType":1},{"mi":"368371625","telephone":"4882487","ktelephone":"56","telephoneType":1}]