[{"fullName":"Rasheed Davis","uniqueId":"Rigoberto.Kessler96@yahoo.com","hr":"shnizel/bamba/bisli60"},{"fullName":"Rachelle Olson","uniqueId":"Cleta95@yahoo.com","hr":"shnizel/bamba/bisli60"},{"fullName":"Chris Hansen","uniqueId":"Elvie98@gmail.com","hr":"shnizel/bamba/bisli60"},{"fullName":"Madelynn Flatley","uniqueId":"Kevin10@hotmail.com","hr":"shnizel/bamba/bisli60"},{"fullName":"Jackeline O'Kon","uniqueId":"Edwina52@hotmail.com","hr":"shnizel/bamba/bisli60"},{"fullName":"Jamison Friesen","uniqueId":"Rodrigo_Funk39@hotmail.com","hr":"shnizel/bamba/bisli60"},{"fullName":"Tierra Toy","uniqueId":"Alexie63@hotmail.com","hr":"shnizel/bamba/bisli60"},{"fullName":"Aimee Ruecker","uniqueId":"Avis_Wolf85@hotmail.com","hr":"shnizel/bamba/bisli60"},{"fullName":"Katharina Prohaska","uniqueId":"Jacky.Tillman@yahoo.com","hr":"shnizel/bamba/bisli60"},{"fullName":"Melyna Emard","uniqueId":"Emiliano26@hotmail.com","hr":"shnizel/bamba/bisli60"},{"fullName":"Brian Wiegand","uniqueId":"Bonita_Johns@yahoo.com","hr":"shnizel/bamba/bisli60"},{"fullName":"Selina Abernathy","uniqueId":"Shany_Satterfield@yahoo.com","hr":"shnizel/bamba/bisli60"},{"fullName":"Brennan Reynolds","uniqueId":"Savannah_Goldner8@hotmail.com","hr":"shnizel/bamba/bisli60"},{"fullName":"Guy Gleichner","uniqueId":"Kitty.McClure33@gmail.com","hr":"shnizel/bamba/bisli60"},{"fullName":"Deven Wolff","uniqueId":"Camila_Cummings53@hotmail.com","hr":"shnizel/bamba/bisli60"},{"fullName":"Edd Jones","uniqueId":"Angel.Hahn95@gmail.com","hr":"shnizel/bamba/bisli60"},{"fullName":"Loraine Goldner","uniqueId":"Bryon_Wiegand@gmail.com","hr":"shnizel/bamba/bisli60"},{"fullName":"Nick Carter","uniqueId":"Murray_Wolf13@hotmail.com","hr":"shnizel/bamba/bisli60"},{"fullName":"Irma DuBuque","uniqueId":"Cody1@gmail.com","hr":"shnizel/bamba/bisli60"},{"fullName":"Adrian Greenholt","uniqueId":"Kailyn.Littel27@gmail.com","hr":"shnizel/bamba/bisli60"},{"fullName":"Brandy Crooks","uniqueId":"Cortez.Conn31@gmail.com","hr":"shnizel/bamba/bisli60"},{"fullName":"Keyon Romaguera","uniqueId":"Trevion_West@hotmail.com","hr":"shnizel/bamba/bisli60"},{"fullName":"Marilie Kshlerin","uniqueId":"Murphy5@hotmail.com","hr":"shnizel/bamba/bisli60"},{"fullName":"Mikayla Labadie","uniqueId":"Jaeden.Gerlach1@yahoo.com","hr":"shnizel/bamba/bisli60"},{"fullName":"Ladarius Hammes","uniqueId":"Tara52@gmail.com","hr":"shnizel/bamba/bisli60"},{"fullName":"Saige Waters","uniqueId":"Jannie.Legros50@yahoo.com","hr":"shnizel/bamba/bisli60"},{"fullName":"Jacey Marquardt","uniqueId":"Kenton80@hotmail.com","hr":"shnizel/bamba/bisli60"},{"fullName":"Claudine Schowalter","uniqueId":"Marjory_Frami@hotmail.com","hr":"shnizel/bamba/bisli60"},{"fullName":"Iva Torphy","uniqueId":"Dina.Kutch@yahoo.com","hr":"shnizel/bamba/bisli60"},{"fullName":"Lilly Lakin","uniqueId":"Britney.Pouros@hotmail.com","hr":"shnizel/bamba/bisli60"},{"fullName":"Darrin Pouros","uniqueId":"Edward_Price69@hotmail.com","hr":"shnizel/bamba/bisli60"},{"fullName":"Rhea Breitenberg","uniqueId":"Bethel.Marquardt1@yahoo.com","hr":"shnizel/bamba/bisli60"},{"fullName":"Leone Nikolaus","uniqueId":"Cecile12@yahoo.com","hr":"shnizel/bamba/bisli60"},{"fullName":"Pasquale Borer","uniqueId":"Travon_Lynch84@hotmail.com","hr":"shnizel/bamba/bisli60"},{"fullName":"Kaylah Zieme","uniqueId":"Onie_Konopelski28@hotmail.com","hr":"shnizel/bamba/bisli60"},{"fullName":"Nolan Koss","uniqueId":"Ashleigh.Weissnat@yahoo.com","hr":"shnizel/bamba/bisli60"},{"fullName":"Randall Stracke","uniqueId":"Koby.Dooley@hotmail.com","hr":"shnizel/bamba/bisli60"},{"fullName":"Darian Bernier","uniqueId":"Marc54@yahoo.com","hr":"shnizel/bamba/bisli60"},{"fullName":"Garret Cummings","uniqueId":"Rae9@yahoo.com","hr":"shnizel/bamba/bisli60"},{"fullName":"Rosina Goyette","uniqueId":"Kaitlyn.Feest@hotmail.com","hr":"shnizel/bamba/bisli60"},{"fullName":"Maverick Daniel","uniqueId":"Amanda_Hills@yahoo.com","hr":"shnizel/bamba/bisli60"},{"fullName":"Heaven Johnston","uniqueId":"Walker.Hintz@hotmail.com","hr":"shnizel/bamba/bisli60"},{"fullName":"Gaston Olson","uniqueId":"Keyon.Marvin@hotmail.com","hr":"shnizel/bamba/bisli60"},{"fullName":"Isobel Smitham","uniqueId":"Rahsaan_Veum@hotmail.com","hr":"shnizel/bamba/bisli60"},{"fullName":"Matilde Pagac","uniqueId":"Coy75@yahoo.com","hr":"shnizel/bamba/bisli60"},{"fullName":"Margaret Cormier","uniqueId":"Marguerite_Maggio@gmail.com","hr":"shnizel/bamba/bisli60"},{"fullName":"Marietta Stark","uniqueId":"Anna7@gmail.com","hr":"shnizel/bamba/bisli60"},{"fullName":"London Rolfson","uniqueId":"Wilhelmine18@hotmail.com","hr":"shnizel/bamba/bisli60"},{"fullName":"Kacie Lynch","uniqueId":"Rashawn.Mitchell@gmail.com","hr":"shnizel/bamba/bisli60"},{"fullName":"Octavia Toy","uniqueId":"Jon_Jacobson@gmail.com","hr":"shnizel/bamba/bisli60"},{"fullName":"Desiree Kirlin","uniqueId":"Amanda.Bode91@gmail.com","hr":"shnizel/bamba/bisli60"},{"fullName":"Fern Lueilwitz","uniqueId":"Efrain.Sipes68@yahoo.com","hr":"shnizel/bamba/bisli60"},{"fullName":"Nikolas Funk","uniqueId":"Colleen8@hotmail.com","hr":"shnizel/bamba/bisli60"},{"fullName":"Deondre Smith","uniqueId":"Gabrielle.Pfannerstill@gmail.com","hr":"shnizel/bamba/bisli60"},{"fullName":"Garrick Smith","uniqueId":"Mallie.Kub65@yahoo.com","hr":"shnizel/bamba/bisli60"},{"fullName":"Mable Schoen","uniqueId":"Taurean55@yahoo.com","hr":"shnizel/bamba/bisli60"},{"fullName":"Garret Wehner","uniqueId":"Concepcion_Kuhlman@gmail.com","hr":"shnizel/bamba/bisli60"},{"fullName":"Millie Schmitt","uniqueId":"Toy_Botsford21@gmail.com","hr":"shnizel/bamba/bisli60"},{"fullName":"Watson Mante","uniqueId":"Johnathan_Leannon@gmail.com","hr":"shnizel/bamba/bisli60"},{"fullName":"Emely Wintheiser","uniqueId":"Edward30@hotmail.com","hr":"shnizel/bamba/bisli60"},{"fullName":"Chandler O'Kon","uniqueId":"Uriel.Funk97@gmail.com","hr":"shnizel/bamba/bisli60"},{"fullName":"Demarcus Jast","uniqueId":"Turner28@yahoo.com","hr":"shnizel/bamba/bisli60"},{"fullName":"Tyshawn Trantow","uniqueId":"Salvador.Howe@hotmail.com","hr":"shnizel/bamba/bisli60"},{"fullName":"Modesto Denesik","uniqueId":"Marguerite_Mayert@yahoo.com","hr":"shnizel/bamba/bisli60"},{"fullName":"Alysa Funk","uniqueId":"Bria14@hotmail.com","hr":"shnizel/bamba/bisli60"},{"fullName":"Florian Turcotte","uniqueId":"Anthony51@gmail.com","hr":"shnizel/bamba/bisli60"},{"fullName":"Felicita Schoen","uniqueId":"Alexis86@hotmail.com","hr":"shnizel/bamba/bisli60"},{"fullName":"Marilyne Boyle","uniqueId":"Elias.Dare@gmail.com","hr":"shnizel/bamba/bisli60"},{"fullName":"Jarrod Glover","uniqueId":"Brendon91@hotmail.com","hr":"shnizel/bamba/bisli60"},{"fullName":"Lonie Weissnat","uniqueId":"Sincere.Kunze59@hotmail.com","hr":"shnizel/bamba/bisli60"},{"fullName":"Broderick Bins","uniqueId":"Kiarra_Hessel36@yahoo.com","hr":"shnizel/bamba/bisli60"},{"fullName":"Clifford O'Keefe","uniqueId":"Melyna.Harber@yahoo.com","hr":"shnizel/bamba/bisli60"},{"fullName":"Piper Windler","uniqueId":"Samson.Gleason74@yahoo.com","hr":"shnizel/bamba/bisli60"},{"fullName":"Lemuel Quitzon","uniqueId":"Loyce.Kub36@hotmail.com","hr":"shnizel/bamba/bisli60"},{"fullName":"Garfield Cummings","uniqueId":"Kelley.Kling41@yahoo.com","hr":"shnizel/bamba/bisli60"},{"fullName":"Roosevelt Kovacek","uniqueId":"Aron.Considine@yahoo.com","hr":"shnizel/bamba/bisli60"},{"fullName":"Franz Bode","uniqueId":"Antonette.Lehner@hotmail.com","hr":"shnizel/bamba/bisli60"},{"fullName":"Nicole Hayes","uniqueId":"Justus.Becker@gmail.com","hr":"shnizel/bamba/bisli60"},{"fullName":"Brandyn Orn","uniqueId":"Lorenzo_Kessler9@yahoo.com","hr":"shnizel/bamba/bisli60"},{"fullName":"Phyllis Kerluke","uniqueId":"Nora33@gmail.com","hr":"shnizel/bamba/bisli60"},{"fullName":"Ralph O'Connell","uniqueId":"Loy.Kulas@yahoo.com","hr":"shnizel/bamba/bisli60"},{"fullName":"Braden Mitchell","uniqueId":"Gabe.Roob50@gmail.com","hr":"shnizel/bamba/bisli60"},{"fullName":"Anna Jaskolski","uniqueId":"Giles_Von38@yahoo.com","hr":"shnizel/bamba/bisli60"},{"fullName":"Cydney Walker","uniqueId":"Gerhard79@gmail.com","hr":"shnizel/bamba/bisli60"},{"fullName":"Hannah Green","uniqueId":"Sally.Hegmann@gmail.com","hr":"shnizel/bamba/bisli60"},{"fullName":"Haylee Anderson","uniqueId":"Timmy9@hotmail.com","hr":"shnizel/bamba/bisli60"},{"fullName":"Elyssa White","uniqueId":"Kristofer98@hotmail.com","hr":"shnizel/bamba/bisli60"},{"fullName":"Margaret Donnelly","uniqueId":"Clair58@gmail.com","hr":"shnizel/bamba/bisli60"},{"fullName":"Vicenta Rosenbaum","uniqueId":"Anne48@hotmail.com","hr":"shnizel/bamba/bisli60"},{"fullName":"Walter Kuvalis","uniqueId":"Alison.Halvorson@yahoo.com","hr":"shnizel/bamba/bisli60"},{"fullName":"Jake Raynor","uniqueId":"Ward78@gmail.com","hr":"shnizel/bamba/bisli60"},{"fullName":"Nicklaus Anderson","uniqueId":"Delfina38@hotmail.com","hr":"shnizel/bamba/bisli60"},{"fullName":"Filomena Bruen","uniqueId":"Sigurd_Will9@hotmail.com","hr":"shnizel/bamba/bisli60"},{"fullName":"Anita Leuschke","uniqueId":"Robbie80@yahoo.com","hr":"shnizel/bamba/bisli60"},{"fullName":"Shana Gislason","uniqueId":"June59@yahoo.com","hr":"shnizel/bamba/bisli60"},{"fullName":"Coy Jones","uniqueId":"Orpha_Deckow@yahoo.com","hr":"shnizel/bamba/bisli60"},{"fullName":"Joshuah Graham","uniqueId":"Herman.Lebsack42@hotmail.com","hr":"shnizel/bamba/bisli60"},{"fullName":"Paolo Kovacek","uniqueId":"Adah.Kulas@yahoo.com","hr":"shnizel/bamba/bisli60"},{"fullName":"Chase Cruickshank","uniqueId":"Delta.Emmerich@yahoo.com","hr":"shnizel/bamba/bisli60"},{"fullName":"Eriberto O'Connell","uniqueId":"Brock_Kunde31@gmail.com","hr":"shnizel/bamba/bisli60"},{"fullName":"Paula Senger","uniqueId":"Cecilia.Lueilwitz@yahoo.com","hr":"shnizel/bamba/bisli60"},{"fullName":"Enos Kertzmann","uniqueId":"Clifford_Blick@yahoo.com","hr":"shnizel/bamba/bisli60"},{"fullName":"Dianna Hessel","uniqueId":"Raegan.West39@yahoo.com","hr":"shnizel/bamba/bisli60"},{"fullName":"Liana Shields","uniqueId":"Garrett.Stamm@hotmail.com","hr":"shnizel/bamba/bisli60"},{"fullName":"Immanuel Schmitt","uniqueId":"Daryl_Prohaska@hotmail.com","hr":"shnizel/bamba/bisli60"},{"fullName":"Humberto Zemlak","uniqueId":"Marcelino.Effertz71@yahoo.com","hr":"shnizel/bamba/bisli60"},{"fullName":"Herminia VonRueden","uniqueId":"Jaunita.Strosin@gmail.com","hr":"shnizel/bamba/bisli60"},{"fullName":"Solon Dooley","uniqueId":"Rosie61@hotmail.com","hr":"shnizel/bamba/bisli60"},{"fullName":"Kevin Von","uniqueId":"Cornell_Hills40@gmail.com","hr":"shnizel/bamba/bisli60"},{"fullName":"Avis Boyle","uniqueId":"Osborne17@hotmail.com","hr":"shnizel/bamba/bisli60"},{"fullName":"Cora Sporer","uniqueId":"Myron46@hotmail.com","hr":"shnizel/bamba/bisli60"},{"fullName":"Audie Bins","uniqueId":"Aileen_Cremin16@yahoo.com","hr":"shnizel/bamba/bisli60"},{"fullName":"Amelia Shanahan","uniqueId":"Euna_Douglas@yahoo.com","hr":"shnizel/bamba/bisli60"},{"fullName":"Teresa Halvorson","uniqueId":"Sandra_Weissnat@gmail.com","hr":"shnizel/bamba/bisli60"},{"fullName":"Dillon Feeney","uniqueId":"Tressa_Haley65@hotmail.com","hr":"shnizel/bamba/bisli60"},{"fullName":"Hildegard Prohaska","uniqueId":"Braeden_Rau@gmail.com","hr":"shnizel/bamba/bisli60"},{"fullName":"Mae Ziemann","uniqueId":"Kathryne_Boyle15@yahoo.com","hr":"shnizel/bamba/bisli60"},{"fullName":"Shanna Bernier","uniqueId":"Cary.Kuphal42@gmail.com","hr":"shnizel/bamba/bisli60"},{"fullName":"Kali Koelpin","uniqueId":"Zion_Ondricka32@gmail.com","hr":"shnizel/bamba/bisli60"},{"fullName":"Kylie Hermann","uniqueId":"Chaya_Wilderman@gmail.com","hr":"shnizel/bamba/bisli60"},{"fullName":"Fredrick Rowe","uniqueId":"Paxton2@gmail.com","hr":"shnizel/bamba/bisli60"},{"fullName":"Bessie Kihn","uniqueId":"Mitchell.Abbott75@yahoo.com","hr":"shnizel/bamba/bisli60"},{"fullName":"Ruthe Beer","uniqueId":"Hattie19@gmail.com","hr":"shnizel/bamba/bisli60"},{"fullName":"Orville Fahey","uniqueId":"Kaitlin.Abshire@gmail.com","hr":"shnizel/bamba/bisli60"},{"fullName":"Odell Huels","uniqueId":"Lazaro52@yahoo.com","hr":"shnizel/bamba/bisli60"},{"fullName":"Chelsey Kunde","uniqueId":"Hulda.Leannon@hotmail.com","hr":"shnizel/bamba/bisli60"},{"fullName":"Alyson Hilpert","uniqueId":"Marlee_Frami84@gmail.com","hr":"shnizel/bamba/bisli60"},{"fullName":"Max Hackett","uniqueId":"Leonor_Miller@yahoo.com","hr":"shnizel/bamba/bisli60"},{"fullName":"Nikki Gleichner","uniqueId":"Jorge.Anderson@gmail.com","hr":"shnizel/bamba/bisli60"},{"fullName":"Arno Thiel","uniqueId":"Haylie77@hotmail.com","hr":"shnizel/bamba/bisli60"},{"fullName":"Demarco Schmidt","uniqueId":"Earnestine.Pacocha@gmail.com","hr":"shnizel/bamba/bisli60"},{"fullName":"Idella Collins","uniqueId":"Lowell_OConner@gmail.com","hr":"shnizel/bamba/bisli60"},{"fullName":"Jarrell Predovic","uniqueId":"Claud.Weissnat80@gmail.com","hr":"shnizel/bamba/bisli60"},{"fullName":"Adriana Yost","uniqueId":"Therese44@gmail.com","hr":"shnizel/bamba/bisli60"},{"fullName":"Yazmin Spencer","uniqueId":"Hector_Mohr@yahoo.com","hr":"shnizel/bamba/bisli60"},{"fullName":"Jordy Schoen","uniqueId":"Braxton_Cormier@gmail.com","hr":"shnizel/bamba/bisli60"},{"fullName":"Alejandrin Buckridge","uniqueId":"Jorge.Thiel@gmail.com","hr":"shnizel/bamba/bisli60"},{"fullName":"Twila Schroeder","uniqueId":"Garland83@hotmail.com","hr":"shnizel/bamba/bisli60"},{"fullName":"Earnest Hessel","uniqueId":"Gaetano.Yundt8@gmail.com","hr":"shnizel/bamba/bisli60"},{"fullName":"Shea Ullrich","uniqueId":"Kevon_Cassin21@yahoo.com","hr":"shnizel/bamba/bisli60"},{"fullName":"Freeman Braun","uniqueId":"Colleen.Russel31@gmail.com","hr":"shnizel/bamba/bisli60"},{"fullName":"Camron Bergstrom","uniqueId":"Tressa_Haley5@yahoo.com","hr":"shnizel/bamba/bisli60"},{"fullName":"Declan Dietrich","uniqueId":"Broderick_Schneider@gmail.com","hr":"shnizel/bamba/bisli60"},{"fullName":"Damien Dickinson","uniqueId":"Howell_Kirlin@yahoo.com","hr":"shnizel/bamba/bisli60"},{"fullName":"Johan Hoppe","uniqueId":"Modesto_Blick@yahoo.com","hr":"shnizel/bamba/bisli60"},{"fullName":"Hans Pouros","uniqueId":"Earlene15@hotmail.com","hr":"shnizel/bamba/bisli60"},{"fullName":"Hazel Hickle","uniqueId":"Conrad_Gleason61@hotmail.com","hr":"shnizel/bamba/bisli60"},{"fullName":"Jarred Barton","uniqueId":"Lesly59@gmail.com","hr":"shnizel/bamba/bisli60"},{"fullName":"Cristina Christiansen","uniqueId":"Willa.Kunze@yahoo.com","hr":"shnizel/bamba/bisli60"},{"fullName":"Violette Blanda","uniqueId":"Jabari94@hotmail.com","hr":"shnizel/bamba/bisli60"},{"fullName":"Marlin Herzog","uniqueId":"Abby_Huel@hotmail.com","hr":"shnizel/bamba/bisli60"},{"fullName":"Wilfred Fisher","uniqueId":"Macie.Roob@hotmail.com","hr":"shnizel/bamba/bisli60"},{"fullName":"Eula Konopelski","uniqueId":"Fidel.Bartoletti@yahoo.com","hr":"shnizel/bamba/bisli60"},{"fullName":"Jess Sporer","uniqueId":"Dayton.Lakin44@hotmail.com","hr":"shnizel/bamba/bisli60"},{"fullName":"Rosella Prohaska","uniqueId":"Cade91@hotmail.com","hr":"shnizel/bamba/bisli60"},{"fullName":"Jordan Glover","uniqueId":"Evelyn8@gmail.com","hr":"shnizel/bamba/bisli60"},{"fullName":"Augusta Crist","uniqueId":"Erin22@hotmail.com","hr":"shnizel/bamba/bisli60"},{"fullName":"Skylar Rodriguez","uniqueId":"Kailee_Sawayn4@gmail.com","hr":"shnizel/bamba/bisli60"},{"fullName":"Clementine Larkin","uniqueId":"German_Zulauf@yahoo.com","hr":"shnizel/bamba/bisli60"},{"fullName":"Madaline Rosenbaum","uniqueId":"Cooper_Casper@yahoo.com","hr":"shnizel/bamba/bisli60"},{"fullName":"Peter Windler","uniqueId":"Elvie_Gorczany35@hotmail.com","hr":"shnizel/bamba/bisli60"},{"fullName":"Hugh Wisoky","uniqueId":"Lowell89@hotmail.com","hr":"shnizel/bamba/bisli60"},{"fullName":"Jaren Walker","uniqueId":"Alanis40@hotmail.com","hr":"shnizel/bamba/bisli60"},{"fullName":"Ferne McCullough","uniqueId":"Winona.DuBuque24@yahoo.com","hr":"shnizel/bamba/bisli60"},{"fullName":"Trey Walter","uniqueId":"Roman.Kshlerin@hotmail.com","hr":"shnizel/bamba/bisli60"},{"fullName":"Ana Parker","uniqueId":"Jefferey.Hahn57@yahoo.com","hr":"shnizel/bamba/bisli60"},{"fullName":"Megane Johnston","uniqueId":"Amani_Schumm91@hotmail.com","hr":"shnizel/bamba/bisli60"},{"fullName":"Genoveva Labadie","uniqueId":"Wilford89@yahoo.com","hr":"shnizel/bamba/bisli60"},{"fullName":"Brandon Tillman","uniqueId":"Norberto.Labadie18@gmail.com","hr":"shnizel/bamba/bisli60"},{"fullName":"Darien Pagac","uniqueId":"Howell98@yahoo.com","hr":"shnizel/bamba/bisli60"},{"fullName":"Andres Schmeler","uniqueId":"Efrain.Sawayn95@hotmail.com","hr":"shnizel/bamba/bisli60"},{"fullName":"Ellis White","uniqueId":"Olga15@yahoo.com","hr":"shnizel/bamba/bisli60"},{"fullName":"Dashawn Ledner","uniqueId":"Vincenzo.Zboncak26@gmail.com","hr":"shnizel/bamba/bisli60"},{"fullName":"Ron Smitham","uniqueId":"Emanuel0@hotmail.com","hr":"shnizel/bamba/bisli60"},{"fullName":"Davon Rau","uniqueId":"Bertram.Moore@yahoo.com","hr":"shnizel/bamba/bisli60"},{"fullName":"Name Wunsch","uniqueId":"Harley.Bernier31@yahoo.com","hr":"shnizel/bamba/bisli60"},{"fullName":"Skylar Corkery","uniqueId":"Abner.Williamson@gmail.com","hr":"shnizel/bamba/bisli60"},{"fullName":"Bruce Hamill","uniqueId":"Karson.Pfeffer11@yahoo.com","hr":"shnizel/bamba/bisli60"},{"fullName":"Reginald Ortiz","uniqueId":"Emilio.Wilkinson@gmail.com","hr":"shnizel/bamba/bisli60"},{"fullName":"Dejon Hudson","uniqueId":"Oscar48@yahoo.com","hr":"shnizel/bamba/bisli60"},{"fullName":"Gerard Ryan","uniqueId":"Olaf77@hotmail.com","hr":"shnizel/bamba/bisli60"},{"fullName":"Ebba Stark","uniqueId":"Jayce74@hotmail.com","hr":"shnizel/bamba/bisli60"},{"fullName":"Kaylah Green","uniqueId":"Jordi_Eichmann21@yahoo.com","hr":"shnizel/bamba/bisli60"},{"fullName":"Shanie Green","uniqueId":"Kelton_Ullrich@hotmail.com","hr":"shnizel/bamba/bisli60"},{"fullName":"Breana Connelly","uniqueId":"Alejandra.Mraz@yahoo.com","hr":"shnizel/bamba/bisli60"},{"fullName":"Alejandra Tillman","uniqueId":"Darron.Boyer@yahoo.com","hr":"shnizel/bamba/bisli60"},{"fullName":"Oran Parker","uniqueId":"Loyce.Harris@gmail.com","hr":"shnizel/bamba/bisli60"},{"fullName":"Judson Pfeffer","uniqueId":"Nikki.Lang@hotmail.com","hr":"shnizel/bamba/bisli60"},{"fullName":"Leanna Collins","uniqueId":"Marquise14@hotmail.com","hr":"shnizel/bamba/bisli60"},{"fullName":"Sally Leuschke","uniqueId":"Makayla_Purdy18@hotmail.com","hr":"shnizel/bamba/bisli60"},{"fullName":"Misael Farrell","uniqueId":"Lonnie.Koepp23@hotmail.com","hr":"shnizel/bamba/bisli60"},{"fullName":"Jazmyn Wolf","uniqueId":"Verlie_Nienow77@hotmail.com","hr":"shnizel/bamba/bisli60"},{"fullName":"Ahmad Bradtke","uniqueId":"Caden_Balistreri41@gmail.com","hr":"shnizel/bamba/bisli60"},{"fullName":"Imelda Kunde","uniqueId":"Rafael37@hotmail.com","hr":"shnizel/bamba/bisli60"},{"fullName":"Ray Moore","uniqueId":"Delmer30@hotmail.com","hr":"shnizel/bamba/bisli60"},{"fullName":"Ahmad Feest","uniqueId":"Christophe94@yahoo.com","hr":"shnizel/bamba/bisli60"},{"fullName":"Afton Cassin","uniqueId":"Madonna_Shields58@gmail.com","hr":"shnizel/bamba/bisli60"},{"fullName":"Halie Prohaska","uniqueId":"Moses23@yahoo.com","hr":"shnizel/bamba/bisli60"},{"fullName":"Dina Baumbach","uniqueId":"Margret_Huel@hotmail.com","hr":"shnizel/bamba/bisli60"},{"fullName":"Ethel VonRueden","uniqueId":"Taya_Windler@hotmail.com","hr":"shnizel/bamba/bisli60"},{"fullName":"Gregorio Gerlach","uniqueId":"Titus_Pollich13@yahoo.com","hr":"shnizel/bamba/bisli60"},{"fullName":"Eryn Kessler","uniqueId":"Diego_Effertz96@yahoo.com","hr":"shnizel/bamba/bisli60"},{"fullName":"Andreane Kertzmann","uniqueId":"Chauncey.Adams25@gmail.com","hr":"shnizel/bamba/bisli60"},{"fullName":"Josiane Feil","uniqueId":"Gregory_Kuhn32@gmail.com","hr":"shnizel/bamba/bisli60"},{"fullName":"Myron Donnelly","uniqueId":"Providenci_Treutel@gmail.com","hr":"shnizel/bamba/bisli60"},{"fullName":"Kathryne Kirlin","uniqueId":"Dayna55@hotmail.com","hr":"shnizel/bamba/bisli60"},{"fullName":"Wendy Mann","uniqueId":"Johnnie67@gmail.com","hr":"shnizel/bamba/bisli60"},{"fullName":"Maymie Jacobs","uniqueId":"Ed27@yahoo.com","hr":"shnizel/bamba/bisli60"},{"fullName":"Lowell Mayert","uniqueId":"Jackson.Bashirian9@gmail.com","hr":"shnizel/bamba/bisli60"},{"fullName":"Duncan Okuneva","uniqueId":"Cecile.Doyle@yahoo.com","hr":"shnizel/bamba/bisli60"},{"fullName":"Marjory Kuphal","uniqueId":"Brooklyn_Hilll5@yahoo.com","hr":"shnizel/bamba/bisli60"},{"fullName":"Lolita Stamm","uniqueId":"Dariana.Witting65@hotmail.com","hr":"shnizel/bamba/bisli60"},{"fullName":"Hubert Harber","uniqueId":"Rick.Runolfsdottir68@yahoo.com","hr":"shnizel/bamba/bisli60"},{"fullName":"Ronaldo Schulist","uniqueId":"Mandy.Parker88@gmail.com","hr":"shnizel/bamba/bisli60"},{"fullName":"Kelli Gleason","uniqueId":"Josiane_Crooks@gmail.com","hr":"shnizel/bamba/bisli60"},{"fullName":"Daisha Kreiger","uniqueId":"Adele78@yahoo.com","hr":"shnizel/bamba/bisli60"},{"fullName":"Matilde Bradtke","uniqueId":"Ernesto42@gmail.com","hr":"shnizel/bamba/bisli60"},{"fullName":"Emmy Kris","uniqueId":"Antonina_Gleason92@hotmail.com","hr":"shnizel/bamba/bisli60"},{"fullName":"Missouri Pollich","uniqueId":"Catharine57@gmail.com","hr":"shnizel/bamba/bisli60"},{"fullName":"Chris Hettinger","uniqueId":"Mariam.Deckow79@gmail.com","hr":"shnizel/bamba/bisli60"},{"fullName":"Maude Beatty","uniqueId":"Bonita_Considine@hotmail.com","hr":"shnizel/bamba/bisli60"},{"fullName":"Heloise Mills","uniqueId":"Reid_Hoppe@hotmail.com","hr":"shnizel/bamba/bisli60"},{"fullName":"Janiya Kunze","uniqueId":"Kamille.Luettgen@hotmail.com","hr":"shnizel/bamba/bisli60"},{"fullName":"Ruben Altenwerth","uniqueId":"Elenor_Osinski@hotmail.com","hr":"shnizel/bamba/bisli60"},{"fullName":"Anjali Kihn","uniqueId":"Beryl.Renner@hotmail.com","hr":"shnizel/bamba/bisli60"},{"fullName":"Ryley Glover","uniqueId":"Audrey8@yahoo.com","hr":"shnizel/bamba/bisli60"},{"fullName":"Alison Stroman","uniqueId":"Else.Johns52@yahoo.com","hr":"shnizel/bamba/bisli60"},{"fullName":"Luis Pouros","uniqueId":"Buford64@gmail.com","hr":"shnizel/bamba/bisli60"},{"fullName":"Deion Price","uniqueId":"Joel_Stanton@gmail.com","hr":"shnizel/bamba/bisli60"},{"fullName":"Dawn Bednar","uniqueId":"Lula47@yahoo.com","hr":"shnizel/bamba/bisli60"},{"fullName":"Gabriel Ullrich","uniqueId":"Rudy.Baumbach41@hotmail.com","hr":"shnizel/bamba/bisli60"},{"fullName":"Ruth Russel","uniqueId":"Magali64@gmail.com","hr":"shnizel/bamba/bisli60"},{"fullName":"Maximillian Konopelski","uniqueId":"Orion.Effertz47@hotmail.com","hr":"shnizel/bamba/bisli60"},{"fullName":"Shaniya Kuhn","uniqueId":"Jeffrey55@hotmail.com","hr":"shnizel/bamba/bisli60"},{"fullName":"Lula Daugherty","uniqueId":"Estelle_Denesik@gmail.com","hr":"shnizel/bamba/bisli60"},{"fullName":"Mollie Torp","uniqueId":"Laron_Satterfield6@yahoo.com","hr":"shnizel/bamba/bisli60"},{"fullName":"Wilfred Sanford","uniqueId":"Lula6@gmail.com","hr":"shnizel/bamba/bisli60"},{"fullName":"Tyrell Hoeger","uniqueId":"Mitchel30@yahoo.com","hr":"shnizel/bamba/bisli60"},{"fullName":"Lukas Johnson","uniqueId":"Troy.Heidenreich15@hotmail.com","hr":"shnizel/bamba/bisli60"},{"fullName":"Arnaldo Torp","uniqueId":"Randall.Blanda@hotmail.com","hr":"shnizel/bamba/bisli60"},{"fullName":"Darren Marvin","uniqueId":"Braulio_Ziemann12@yahoo.com","hr":"shnizel/bamba/bisli60"},{"fullName":"Ludie Toy","uniqueId":"Shemar_Bradtke72@hotmail.com","hr":"shnizel/bamba/bisli60"},{"fullName":"Gerard Gerhold","uniqueId":"Tiara_Williamson8@yahoo.com","hr":"shnizel/bamba/bisli60"},{"fullName":"Marlen Crist","uniqueId":"Bradly.Thiel10@hotmail.com","hr":"shnizel/bamba/bisli60"},{"fullName":"Jensen Ratke","uniqueId":"Lindsay35@hotmail.com","hr":"shnizel/bamba/bisli60"},{"fullName":"Rebekah Kunde","uniqueId":"Lawson_Dach@gmail.com","hr":"shnizel/bamba/bisli60"},{"fullName":"Edgar Hickle","uniqueId":"Eleazar_DuBuque@hotmail.com","hr":"shnizel/bamba/bisli60"},{"fullName":"Leanne Ratke","uniqueId":"Winona.Jacobs21@yahoo.com","hr":"shnizel/bamba/bisli60"},{"fullName":"Winona Purdy","uniqueId":"Kaelyn52@yahoo.com","hr":"shnizel/bamba/bisli60"},{"fullName":"Lora McLaughlin","uniqueId":"Caleigh_Terry4@yahoo.com","hr":"shnizel/bamba/bisli60"}]